"drink_id","ingredient_id","quantity","unit"
"DRK-0001","ING-001","2.0","shot"
"DRK-0001","ING-007","1.0","oz"
"DRK-0001","ING-031","1.0","cup"
"DRK-0001","ING-034","1.0","serving"
"DRK-0002","ING-002","1.0","serving"
"DRK-0002","ING-014","1.0","oz"
"DRK-0002","ING-031","1.0","cup"
"DRK-0002","ING-035","1.0","serving"
"DRK-0002","ING-038","1.0","cup"
"DRK-0003","ING-001","2.0","shot"
"DRK-0003","ING-009","1.0","oz"
"DRK-0003","ING-031","1.0","cup"
"DRK-0003","ING-034","1.0","serving"
"DRK-0004","ING-003","1.0","serving"
"DRK-0004","ING-010","1.0","oz"
"DRK-0004","ING-031","1.0","cup"
"DRK-0004","ING-034","1.0","serving"
"DRK-0005","ING-004","1.0","serving"
"DRK-0005","ING-011","1.0","oz"
"DRK-0005","ING-031","1.0","cup"
"DRK-0005","ING-034","1.0","serving"
"DRK-0006","ING-001","2.0","shot"
"DRK-0006","ING-014","1.0","oz"
"DRK-0006","ING-015","1.0","pump"
"DRK-0006","ING-031","1.0","cup"
"DRK-0006","ING-034","1.0","serving"
"DRK-0007","ING-001","2.0","shot"
"DRK-0007","ING-013","1.0","oz"
"DRK-0007","ING-015","1.0","pump"
"DRK-0007","ING-031","1.0","cup"
"DRK-0007","ING-034","1.0","serving"
"DRK-0008","ING-001","1.0","shot"
"DRK-0008","ING-007","1.0","oz"
"DRK-0008","ING-015","1.0","pump"
"DRK-0008","ING-031","1.0","cup"
"DRK-0008","ING-036","1.0","serving"
"DRK-0008","ING-038","1.0","cup"
"DRK-0009","ING-006","1.0","serving"
"DRK-0009","ING-014","1.0","oz"
"DRK-0009","ING-015","1.0","pump"
"DRK-0009","ING-031","1.0","cup"
"DRK-0009","ING-035","1.0","serving"
"DRK-0009","ING-038","1.0","cup"
"DRK-0010","ING-005","1.0","serving"
"DRK-0010","ING-014","1.0","oz"
"DRK-0010","ING-015","1.0","pump"
"DRK-0010","ING-031","1.0","cup"
"DRK-0010","ING-034","1.0","serving"
"DRK-0011","ING-001","2.0","shot"
"DRK-0011","ING-010","1.0","oz"
"DRK-0011","ING-016","1.0","pump"
"DRK-0011","ING-031","1.0","cup"
"DRK-0011","ING-035","1.0","serving"
"DRK-0011","ING-038","1.0","cup"
"DRK-0012","ING-002","1.0","serving"
"DRK-0012","ING-007","1.0","oz"
"DRK-0012","ING-016","1.0","pump"
"DRK-0012","ING-031","1.0","cup"
"DRK-0012","ING-035","1.0","serving"
"DRK-0012","ING-038","1.0","cup"
"DRK-0013","ING-001","2.0","shot"
"DRK-0013","ING-007","1.0","oz"
"DRK-0013","ING-016","1.0","pump"
"DRK-0013","ING-031","1.0","cup"
"DRK-0013","ING-035","1.0","serving"
"DRK-0013","ING-038","1.0","cup"
"DRK-0014","ING-003","1.0","serving"
"DRK-0014","ING-007","1.0","oz"
"DRK-0014","ING-016","1.0","pump"
"DRK-0014","ING-031","1.0","cup"
"DRK-0014","ING-035","1.0","serving"
"DRK-0014","ING-038","1.0","cup"
"DRK-0015","ING-004","1.0","serving"
"DRK-0015","ING-007","1.0","oz"
"DRK-0015","ING-016","1.0","pump"
"DRK-0015","ING-032","1.0","cup"
"DRK-0015","ING-035","1.0","serving"
"DRK-0015","ING-038","1.0","cup"
"DRK-0016","ING-001","2.0","shot"
"DRK-0016","ING-014","1.0","oz"
"DRK-0016","ING-017","1.0","pump"
"DRK-0016","ING-032","1.0","cup"
"DRK-0016","ING-035","1.0","serving"
"DRK-0016","ING-038","1.0","cup"
"DRK-0017","ING-001","2.0","shot"
"DRK-0017","ING-007","1.0","oz"
"DRK-0017","ING-017","1.0","pump"
"DRK-0017","ING-032","1.0","cup"
"DRK-0017","ING-035","1.0","serving"
"DRK-0017","ING-038","1.0","cup"
"DRK-0018","ING-001","1.0","shot"
"DRK-0018","ING-007","1.0","oz"
"DRK-0018","ING-017","1.0","pump"
"DRK-0018","ING-032","1.0","cup"
"DRK-0018","ING-036","1.0","serving"
"DRK-0018","ING-038","1.0","cup"
"DRK-0019","ING-006","1.0","serving"
"DRK-0019","ING-014","1.0","oz"
"DRK-0019","ING-023","1.0","pump"
"DRK-0019","ING-032","1.0","cup"
"DRK-0019","ING-035","1.0","serving"
"DRK-0019","ING-038","1.0","cup"
"DRK-0020","ING-005","1.0","serving"
"DRK-0020","ING-014","1.0","oz"
"DRK-0020","ING-017","1.0","pump"
"DRK-0020","ING-032","1.0","cup"
"DRK-0020","ING-035","1.0","serving"
"DRK-0020","ING-038","1.0","cup"
"DRK-0021","ING-001","2.0","shot"
"DRK-0021","ING-007","1.0","oz"
"DRK-0021","ING-018","1.0","pump"
"DRK-0021","ING-032","1.0","cup"
"DRK-0021","ING-036","1.0","serving"
"DRK-0021","ING-038","1.0","cup"
"DRK-0022","ING-002","1.0","serving"
"DRK-0022","ING-007","1.0","oz"
"DRK-0022","ING-018","1.0","pump"
"DRK-0022","ING-033","1.0","cup"
"DRK-0022","ING-036","1.0","serving"
"DRK-0022","ING-038","1.0","cup"
"DRK-0023","ING-001","3.0","shot"
"DRK-0023","ING-008","1.0","oz"
"DRK-0023","ING-018","1.0","pump"
"DRK-0023","ING-033","1.0","cup"
"DRK-0023","ING-036","1.0","serving"
"DRK-0023","ING-038","1.0","cup"
"DRK-0024","ING-003","1.0","serving"
"DRK-0024","ING-008","1.0","oz"
"DRK-0024","ING-018","1.0","pump"
"DRK-0024","ING-033","1.0","cup"
"DRK-0024","ING-036","1.0","serving"
"DRK-0024","ING-038","1.0","cup"
"DRK-0025","ING-004","1.0","serving"
"DRK-0025","ING-008","1.0","oz"
"DRK-0025","ING-018","1.0","pump"
"DRK-0025","ING-033","1.0","cup"
"DRK-0025","ING-036","1.0","serving"
"DRK-0025","ING-038","1.0","cup"
"DRK-0026","ING-001","3.0","shot"
"DRK-0026","ING-014","1.0","oz"
"DRK-0026","ING-019","1.0","pump"
"DRK-0026","ING-033","1.0","cup"
"DRK-0026","ING-036","1.0","serving"
"DRK-0026","ING-038","1.0","cup"
"DRK-0027","ING-001","3.0","shot"
"DRK-0027","ING-008","1.0","oz"
"DRK-0027","ING-019","1.0","pump"
"DRK-0027","ING-033","1.0","cup"
"DRK-0027","ING-034","1.0","serving"
"DRK-0028","ING-001","1.0","shot"
"DRK-0028","ING-008","1.0","oz"
"DRK-0028","ING-019","1.0","pump"
"DRK-0028","ING-033","1.0","cup"
"DRK-0028","ING-036","1.0","serving"
"DRK-0028","ING-038","1.0","cup"
"DRK-0029","ING-006","1.0","serving"
"DRK-0029","ING-014","1.0","oz"
"DRK-0029","ING-023","1.0","pump"
"DRK-0029","ING-031","1.0","cup"
"DRK-0029","ING-036","1.0","serving"
"DRK-0029","ING-038","1.0","cup"
"DRK-0030","ING-005","1.0","serving"
"DRK-0030","ING-014","1.0","oz"
"DRK-0030","ING-031","1.0","cup"
"DRK-0030","ING-035","1.0","serving"
"DRK-0030","ING-038","1.0","cup"
"DRK-0031","ING-001","2.0","shot"
"DRK-0031","ING-008","1.0","oz"
"DRK-0031","ING-020","1.0","pump"
"DRK-0031","ING-031","1.0","cup"
"DRK-0031","ING-034","1.0","serving"
"DRK-0032","ING-002","1.0","serving"
"DRK-0032","ING-008","1.0","oz"
"DRK-0032","ING-020","1.0","pump"
"DRK-0032","ING-031","1.0","cup"
"DRK-0032","ING-035","1.0","serving"
"DRK-0032","ING-038","1.0","cup"
"DRK-0033","ING-001","2.0","shot"
"DRK-0033","ING-008","1.0","oz"
"DRK-0033","ING-020","1.0","pump"
"DRK-0033","ING-031","1.0","cup"
"DRK-0033","ING-034","1.0","serving"
"DRK-0034","ING-003","1.0","serving"
"DRK-0034","ING-009","1.0","oz"
"DRK-0034","ING-020","1.0","pump"
"DRK-0034","ING-031","1.0","cup"
"DRK-0034","ING-034","1.0","serving"
"DRK-0035","ING-004","1.0","serving"
"DRK-0035","ING-009","1.0","oz"
"DRK-0035","ING-020","1.0","pump"
"DRK-0035","ING-031","1.0","cup"
"DRK-0035","ING-034","1.0","serving"
"DRK-0036","ING-001","2.0","shot"
"DRK-0036","ING-014","1.0","oz"
"DRK-0036","ING-021","1.0","pump"
"DRK-0036","ING-031","1.0","cup"
"DRK-0036","ING-034","1.0","serving"
"DRK-0037","ING-001","2.0","shot"
"DRK-0037","ING-009","1.0","oz"
"DRK-0037","ING-021","1.0","pump"
"DRK-0037","ING-031","1.0","cup"
"DRK-0037","ING-034","1.0","serving"
"DRK-0038","ING-001","1.0","shot"
"DRK-0038","ING-009","1.0","oz"
"DRK-0038","ING-021","1.0","pump"
"DRK-0038","ING-031","1.0","cup"
"DRK-0038","ING-036","1.0","serving"
"DRK-0038","ING-038","1.0","cup"
"DRK-0039","ING-006","1.0","serving"
"DRK-0039","ING-014","1.0","oz"
"DRK-0039","ING-021","1.0","pump"
"DRK-0039","ING-031","1.0","cup"
"DRK-0039","ING-035","1.0","serving"
"DRK-0039","ING-038","1.0","cup"
"DRK-0040","ING-005","1.0","serving"
"DRK-0040","ING-014","1.0","oz"
"DRK-0040","ING-021","1.0","pump"
"DRK-0040","ING-031","1.0","cup"
"DRK-0040","ING-034","1.0","serving"
"DRK-0041","ING-001","2.0","shot"
"DRK-0041","ING-009","1.0","oz"
"DRK-0041","ING-022","1.0","pump"
"DRK-0041","ING-031","1.0","cup"
"DRK-0041","ING-035","1.0","serving"
"DRK-0041","ING-038","1.0","cup"
"DRK-0042","ING-002","1.0","serving"
"DRK-0042","ING-009","1.0","oz"
"DRK-0042","ING-022","1.0","pump"
"DRK-0042","ING-031","1.0","cup"
"DRK-0042","ING-035","1.0","serving"
"DRK-0042","ING-038","1.0","cup"
"DRK-0043","ING-001","2.0","shot"
"DRK-0043","ING-009","1.0","oz"
"DRK-0043","ING-022","1.0","pump"
"DRK-0043","ING-032","1.0","cup"
"DRK-0043","ING-035","1.0","serving"
"DRK-0043","ING-038","1.0","cup"
"DRK-0044","ING-003","1.0","serving"
"DRK-0044","ING-009","1.0","oz"
"DRK-0044","ING-022","1.0","pump"
"DRK-0044","ING-032","1.0","cup"
"DRK-0044","ING-035","1.0","serving"
"DRK-0044","ING-038","1.0","cup"
"DRK-0045","ING-004","1.0","serving"
"DRK-0045","ING-010","1.0","oz"
"DRK-0045","ING-022","1.0","pump"
"DRK-0045","ING-032","1.0","cup"
"DRK-0045","ING-035","1.0","serving"
"DRK-0045","ING-038","1.0","cup"
"DRK-0046","ING-001","2.0","shot"
"DRK-0046","ING-010","1.0","oz"
"DRK-0046","ING-023","1.0","pump"
"DRK-0046","ING-032","1.0","cup"
"DRK-0046","ING-035","1.0","serving"
"DRK-0046","ING-038","1.0","cup"
"DRK-0047","ING-001","2.0","shot"
"DRK-0047","ING-010","1.0","oz"
"DRK-0047","ING-023","1.0","pump"
"DRK-0047","ING-032","1.0","cup"
"DRK-0047","ING-035","1.0","serving"
"DRK-0047","ING-038","1.0","cup"
"DRK-0048","ING-001","1.0","shot"
"DRK-0048","ING-010","1.0","oz"
"DRK-0048","ING-023","1.0","pump"
"DRK-0048","ING-032","1.0","cup"
"DRK-0048","ING-036","1.0","serving"
"DRK-0048","ING-038","1.0","cup"
"DRK-0049","ING-006","1.0","serving"
"DRK-0049","ING-010","1.0","oz"
"DRK-0049","ING-023","1.0","pump"
"DRK-0049","ING-032","1.0","cup"
"DRK-0049","ING-035","1.0","serving"
"DRK-0049","ING-038","1.0","cup"
"DRK-0050","ING-005","1.0","serving"
"DRK-0050","ING-010","1.0","oz"
"DRK-0050","ING-023","1.0","pump"
"DRK-0050","ING-033","1.0","cup"
"DRK-0050","ING-035","1.0","serving"
"DRK-0050","ING-038","1.0","cup"
"DRK-0051","ING-001","3.0","shot"
"DRK-0051","ING-010","1.0","oz"
"DRK-0051","ING-033","1.0","cup"
"DRK-0051","ING-036","1.0","serving"
"DRK-0051","ING-038","1.0","cup"
"DRK-0052","ING-002","1.0","serving"
"DRK-0052","ING-010","1.0","oz"
"DRK-0052","ING-033","1.0","cup"
"DRK-0052","ING-036","1.0","serving"
"DRK-0052","ING-038","1.0","cup"
"DRK-0053","ING-001","3.0","shot"
"DRK-0053","ING-010","1.0","oz"
"DRK-0053","ING-033","1.0","cup"
"DRK-0053","ING-036","1.0","serving"
"DRK-0053","ING-038","1.0","cup"
"DRK-0054","ING-003","1.0","serving"
"DRK-0054","ING-010","1.0","oz"
"DRK-0054","ING-033","1.0","cup"
"DRK-0054","ING-036","1.0","serving"
"DRK-0054","ING-038","1.0","cup"
"DRK-0055","ING-004","1.0","serving"
"DRK-0055","ING-010","1.0","oz"
"DRK-0055","ING-033","1.0","cup"
"DRK-0055","ING-036","1.0","serving"
"DRK-0055","ING-038","1.0","cup"
"DRK-0056","ING-001","3.0","shot"
"DRK-0056","ING-014","1.0","oz"
"DRK-0056","ING-015","1.0","pump"
"DRK-0056","ING-033","1.0","cup"
"DRK-0056","ING-036","1.0","serving"
"DRK-0056","ING-038","1.0","cup"
"DRK-0057","ING-001","2.0","shot"
"DRK-0057","ING-011","1.0","oz"
"DRK-0057","ING-015","1.0","pump"
"DRK-0057","ING-031","1.0","cup"
"DRK-0057","ING-034","1.0","serving"
"DRK-0058","ING-001","1.0","shot"
"DRK-0058","ING-011","1.0","oz"
"DRK-0058","ING-015","1.0","pump"
"DRK-0058","ING-031","1.0","cup"
"DRK-0058","ING-036","1.0","serving"
"DRK-0058","ING-038","1.0","cup"
"DRK-0059","ING-006","1.0","serving"
"DRK-0059","ING-014","1.0","oz"
"DRK-0059","ING-015","1.0","pump"
"DRK-0059","ING-031","1.0","cup"
"DRK-0059","ING-036","1.0","serving"
"DRK-0059","ING-038","1.0","cup"
"DRK-0060","ING-005","1.0","serving"
"DRK-0060","ING-014","1.0","oz"
"DRK-0060","ING-015","1.0","pump"
"DRK-0060","ING-031","1.0","cup"
"DRK-0060","ING-035","1.0","serving"
"DRK-0060","ING-038","1.0","cup"
"DRK-0061","ING-001","2.0","shot"
"DRK-0061","ING-011","1.0","oz"
"DRK-0061","ING-016","1.0","pump"
"DRK-0061","ING-031","1.0","cup"
"DRK-0061","ING-034","1.0","serving"
"DRK-0062","ING-002","1.0","serving"
"DRK-0062","ING-011","1.0","oz"
"DRK-0062","ING-016","1.0","pump"
"DRK-0062","ING-031","1.0","cup"
"DRK-0062","ING-035","1.0","serving"
"DRK-0062","ING-038","1.0","cup"
"DRK-0063","ING-001","2.0","shot"
"DRK-0063","ING-011","1.0","oz"
"DRK-0063","ING-016","1.0","pump"
"DRK-0063","ING-031","1.0","cup"
"DRK-0063","ING-034","1.0","serving"
"DRK-0064","ING-003","1.0","serving"
"DRK-0064","ING-011","1.0","oz"
"DRK-0064","ING-016","1.0","pump"
"DRK-0064","ING-031","1.0","cup"
"DRK-0064","ING-034","1.0","serving"
"DRK-0065","ING-004","1.0","serving"
"DRK-0065","ING-011","1.0","oz"
"DRK-0065","ING-016","1.0","pump"
"DRK-0065","ING-031","1.0","cup"
"DRK-0065","ING-034","1.0","serving"
"DRK-0066","ING-001","2.0","shot"
"DRK-0066","ING-014","1.0","oz"
"DRK-0066","ING-017","1.0","pump"
"DRK-0066","ING-031","1.0","cup"
"DRK-0066","ING-034","1.0","serving"
"DRK-0067","ING-001","2.0","shot"
"DRK-0067","ING-012","1.0","oz"
"DRK-0067","ING-017","1.0","pump"
"DRK-0067","ING-031","1.0","cup"
"DRK-0067","ING-034","1.0","serving"
"DRK-0068","ING-001","1.0","shot"
"DRK-0068","ING-012","1.0","oz"
"DRK-0068","ING-017","1.0","pump"
"DRK-0068","ING-031","1.0","cup"
"DRK-0068","ING-036","1.0","serving"
"DRK-0068","ING-038","1.0","cup"
"DRK-0069","ING-006","1.0","serving"
"DRK-0069","ING-014","1.0","oz"
"DRK-0069","ING-023","1.0","pump"
"DRK-0069","ING-031","1.0","cup"
"DRK-0069","ING-035","1.0","serving"
"DRK-0069","ING-038","1.0","cup"
"DRK-0070","ING-005","1.0","serving"
"DRK-0070","ING-014","1.0","oz"
"DRK-0070","ING-017","1.0","pump"
"DRK-0070","ING-031","1.0","cup"
"DRK-0070","ING-034","1.0","serving"
"DRK-0071","ING-001","2.0","shot"
"DRK-0071","ING-012","1.0","oz"
"DRK-0071","ING-018","1.0","pump"
"DRK-0071","ING-032","1.0","cup"
"DRK-0071","ING-035","1.0","serving"
"DRK-0071","ING-038","1.0","cup"
"DRK-0072","ING-002","1.0","serving"
"DRK-0072","ING-012","1.0","oz"
"DRK-0072","ING-018","1.0","pump"
"DRK-0072","ING-032","1.0","cup"
"DRK-0072","ING-035","1.0","serving"
"DRK-0072","ING-038","1.0","cup"
"DRK-0073","ING-001","2.0","shot"
"DRK-0073","ING-012","1.0","oz"
"DRK-0073","ING-018","1.0","pump"
"DRK-0073","ING-032","1.0","cup"
"DRK-0073","ING-035","1.0","serving"
"DRK-0073","ING-038","1.0","cup"
"DRK-0074","ING-003","1.0","serving"
"DRK-0074","ING-012","1.0","oz"
"DRK-0074","ING-018","1.0","pump"
"DRK-0074","ING-032","1.0","cup"
"DRK-0074","ING-035","1.0","serving"
"DRK-0074","ING-038","1.0","cup"
"DRK-0075","ING-004","1.0","serving"
"DRK-0075","ING-012","1.0","oz"
"DRK-0075","ING-018","1.0","pump"
"DRK-0075","ING-032","1.0","cup"
"DRK-0075","ING-035","1.0","serving"
"DRK-0075","ING-038","1.0","cup"
"DRK-0076","ING-001","2.0","shot"
"DRK-0076","ING-014","1.0","oz"
"DRK-0076","ING-019","1.0","pump"
"DRK-0076","ING-032","1.0","cup"
"DRK-0076","ING-035","1.0","serving"
"DRK-0076","ING-038","1.0","cup"
"DRK-0077","ING-001","2.0","shot"
"DRK-0077","ING-012","1.0","oz"
"DRK-0077","ING-019","1.0","pump"
"DRK-0077","ING-032","1.0","cup"
"DRK-0077","ING-035","1.0","serving"
"DRK-0077","ING-038","1.0","cup"
"DRK-0078","ING-001","1.0","shot"
"DRK-0078","ING-013","1.0","oz"
"DRK-0078","ING-019","1.0","pump"
"DRK-0078","ING-033","1.0","cup"
"DRK-0078","ING-036","1.0","serving"
"DRK-0078","ING-038","1.0","cup"
"DRK-0079","ING-006","1.0","serving"
"DRK-0079","ING-013","1.0","oz"
"DRK-0079","ING-023","1.0","pump"
"DRK-0079","ING-033","1.0","cup"
"DRK-0079","ING-035","1.0","serving"
"DRK-0079","ING-038","1.0","cup"
"DRK-0080","ING-005","1.0","serving"
"DRK-0080","ING-013","1.0","oz"
"DRK-0080","ING-033","1.0","cup"
"DRK-0080","ING-035","1.0","serving"
"DRK-0080","ING-038","1.0","cup"
"DRK-0081","ING-001","3.0","shot"
"DRK-0081","ING-013","1.0","oz"
"DRK-0081","ING-020","1.0","pump"
"DRK-0081","ING-033","1.0","cup"
"DRK-0081","ING-036","1.0","serving"
"DRK-0081","ING-038","1.0","cup"
"DRK-0082","ING-002","1.0","serving"
"DRK-0082","ING-013","1.0","oz"
"DRK-0082","ING-020","1.0","pump"
"DRK-0082","ING-033","1.0","cup"
"DRK-0082","ING-036","1.0","serving"
"DRK-0082","ING-038","1.0","cup"
"DRK-0083","ING-001","3.0","shot"
"DRK-0083","ING-013","1.0","oz"
"DRK-0083","ING-020","1.0","pump"
"DRK-0083","ING-033","1.0","cup"
"DRK-0083","ING-036","1.0","serving"
"DRK-0083","ING-038","1.0","cup"
"DRK-0084","ING-003","1.0","serving"
"DRK-0084","ING-013","1.0","oz"
"DRK-0084","ING-020","1.0","pump"
"DRK-0084","ING-033","1.0","cup"
"DRK-0084","ING-036","1.0","serving"
"DRK-0084","ING-038","1.0","cup"
"DRK-0085","ING-004","1.0","serving"
"DRK-0085","ING-013","1.0","oz"
"DRK-0085","ING-020","1.0","pump"
"DRK-0085","ING-031","1.0","cup"
"DRK-0085","ING-036","1.0","serving"
"DRK-0085","ING-038","1.0","cup"
"DRK-0086","ING-001","2.0","shot"
"DRK-0086","ING-013","1.0","oz"
"DRK-0086","ING-021","1.0","pump"
"DRK-0086","ING-031","1.0","cup"
"DRK-0086","ING-036","1.0","serving"
"DRK-0086","ING-038","1.0","cup"
"DRK-0087","ING-001","2.0","shot"
"DRK-0087","ING-013","1.0","oz"
"DRK-0087","ING-021","1.0","pump"
"DRK-0087","ING-031","1.0","cup"
"DRK-0087","ING-034","1.0","serving"
"DRK-0088","ING-001","1.0","shot"
"DRK-0088","ING-013","1.0","oz"
"DRK-0088","ING-021","1.0","pump"
"DRK-0088","ING-031","1.0","cup"
"DRK-0088","ING-036","1.0","serving"
"DRK-0088","ING-038","1.0","cup"
"DRK-0089","ING-006","1.0","serving"
"DRK-0089","ING-014","1.0","oz"
"DRK-0089","ING-021","1.0","pump"
"DRK-0089","ING-031","1.0","cup"
"DRK-0089","ING-036","1.0","serving"
"DRK-0089","ING-038","1.0","cup"
"DRK-0090","ING-005","1.0","serving"
"DRK-0090","ING-014","1.0","oz"
"DRK-0090","ING-021","1.0","pump"
"DRK-0090","ING-031","1.0","cup"
"DRK-0090","ING-035","1.0","serving"
"DRK-0090","ING-038","1.0","cup"
"DRK-0091","ING-001","2.0","shot"
"DRK-0091","ING-013","1.0","oz"
"DRK-0091","ING-022","1.0","pump"
"DRK-0091","ING-031","1.0","cup"
"DRK-0091","ING-034","1.0","serving"
"DRK-0092","ING-002","1.0","serving"
"DRK-0092","ING-014","1.0","oz"
"DRK-0092","ING-022","1.0","pump"
"DRK-0092","ING-031","1.0","cup"
"DRK-0092","ING-035","1.0","serving"
"DRK-0092","ING-038","1.0","cup"
"DRK-0093","ING-001","2.0","shot"
"DRK-0093","ING-008","1.0","oz"
"DRK-0093","ING-022","1.0","pump"
"DRK-0093","ING-031","1.0","cup"
"DRK-0093","ING-034","1.0","serving"
"DRK-0094","ING-003","1.0","serving"
"DRK-0094","ING-009","1.0","oz"
"DRK-0094","ING-022","1.0","pump"
"DRK-0094","ING-031","1.0","cup"
"DRK-0094","ING-034","1.0","serving"
"DRK-0095","ING-004","1.0","serving"
"DRK-0095","ING-010","1.0","oz"
"DRK-0095","ING-022","1.0","pump"
"DRK-0095","ING-031","1.0","cup"
"DRK-0095","ING-034","1.0","serving"
"DRK-0096","ING-001","2.0","shot"
"DRK-0096","ING-014","1.0","oz"
"DRK-0096","ING-023","1.0","pump"
"DRK-0096","ING-031","1.0","cup"
"DRK-0096","ING-034","1.0","serving"
"DRK-0097","ING-001","2.0","shot"
"DRK-0097","ING-012","1.0","oz"
"DRK-0097","ING-023","1.0","pump"
"DRK-0097","ING-031","1.0","cup"
"DRK-0097","ING-034","1.0","serving"
"DRK-0098","ING-001","1.0","shot"
"DRK-0098","ING-013","1.0","oz"
"DRK-0098","ING-023","1.0","pump"
"DRK-0098","ING-031","1.0","cup"
"DRK-0098","ING-036","1.0","serving"
"DRK-0098","ING-038","1.0","cup"
"DRK-0099","ING-006","1.0","serving"
"DRK-0099","ING-014","1.0","oz"
"DRK-0099","ING-023","1.0","pump"
"DRK-0099","ING-032","1.0","cup"
"DRK-0099","ING-035","1.0","serving"
"DRK-0099","ING-038","1.0","cup"
"DRK-0100","ING-005","1.0","serving"
"DRK-0100","ING-014","1.0","oz"
"DRK-0100","ING-023","1.0","pump"
"DRK-0100","ING-032","1.0","cup"
"DRK-0100","ING-034","1.0","serving"
"DRK-0101","ING-001","2.0","shot"
"DRK-0101","ING-007","1.0","oz"
"DRK-0101","ING-032","1.0","cup"
"DRK-0101","ING-035","1.0","serving"
"DRK-0101","ING-038","1.0","cup"
"DRK-0102","ING-002","1.0","serving"
"DRK-0102","ING-007","1.0","oz"
"DRK-0102","ING-032","1.0","cup"
"DRK-0102","ING-035","1.0","serving"
"DRK-0102","ING-038","1.0","cup"
"DRK-0103","ING-001","2.0","shot"
"DRK-0103","ING-007","1.0","oz"
"DRK-0103","ING-032","1.0","cup"
"DRK-0103","ING-035","1.0","serving"
"DRK-0103","ING-038","1.0","cup"
"DRK-0104","ING-003","1.0","serving"
"DRK-0104","ING-007","1.0","oz"
"DRK-0104","ING-032","1.0","cup"
"DRK-0104","ING-035","1.0","serving"
"DRK-0104","ING-038","1.0","cup"
"DRK-0105","ING-004","1.0","serving"
"DRK-0105","ING-007","1.0","oz"
"DRK-0105","ING-032","1.0","cup"
"DRK-0105","ING-035","1.0","serving"
"DRK-0105","ING-038","1.0","cup"
"DRK-0106","ING-001","3.0","shot"
"DRK-0106","ING-014","1.0","oz"
"DRK-0106","ING-015","1.0","pump"
"DRK-0106","ING-033","1.0","cup"
"DRK-0106","ING-035","1.0","serving"
"DRK-0106","ING-038","1.0","cup"
"DRK-0107","ING-001","3.0","shot"
"DRK-0107","ING-007","1.0","oz"
"DRK-0107","ING-015","1.0","pump"
"DRK-0107","ING-033","1.0","cup"
"DRK-0107","ING-035","1.0","serving"
"DRK-0107","ING-038","1.0","cup"
"DRK-0108","ING-001","1.0","shot"
"DRK-0108","ING-007","1.0","oz"
"DRK-0108","ING-015","1.0","pump"
"DRK-0108","ING-033","1.0","cup"
"DRK-0108","ING-036","1.0","serving"
"DRK-0108","ING-038","1.0","cup"
"DRK-0109","ING-006","1.0","serving"
"DRK-0109","ING-014","1.0","oz"
"DRK-0109","ING-015","1.0","pump"
"DRK-0109","ING-033","1.0","cup"
"DRK-0109","ING-035","1.0","serving"
"DRK-0109","ING-038","1.0","cup"
"DRK-0110","ING-005","1.0","serving"
"DRK-0110","ING-014","1.0","oz"
"DRK-0110","ING-015","1.0","pump"
"DRK-0110","ING-033","1.0","cup"
"DRK-0110","ING-035","1.0","serving"
"DRK-0110","ING-038","1.0","cup"
"DRK-0111","ING-001","3.0","shot"
"DRK-0111","ING-008","1.0","oz"
"DRK-0111","ING-016","1.0","pump"
"DRK-0111","ING-033","1.0","cup"
"DRK-0111","ING-036","1.0","serving"
"DRK-0111","ING-038","1.0","cup"
"DRK-0112","ING-002","1.0","serving"
"DRK-0112","ING-008","1.0","oz"
"DRK-0112","ING-016","1.0","pump"
"DRK-0112","ING-033","1.0","cup"
"DRK-0112","ING-036","1.0","serving"
"DRK-0112","ING-038","1.0","cup"
"DRK-0113","ING-001","2.0","shot"
"DRK-0113","ING-008","1.0","oz"
"DRK-0113","ING-016","1.0","pump"
"DRK-0113","ING-031","1.0","cup"
"DRK-0113","ING-036","1.0","serving"
"DRK-0113","ING-038","1.0","cup"
"DRK-0114","ING-003","1.0","serving"
"DRK-0114","ING-008","1.0","oz"
"DRK-0114","ING-016","1.0","pump"
"DRK-0114","ING-031","1.0","cup"
"DRK-0114","ING-036","1.0","serving"
"DRK-0114","ING-038","1.0","cup"
"DRK-0115","ING-004","1.0","serving"
"DRK-0115","ING-008","1.0","oz"
"DRK-0115","ING-016","1.0","pump"
"DRK-0115","ING-031","1.0","cup"
"DRK-0115","ING-036","1.0","serving"
"DRK-0115","ING-038","1.0","cup"
"DRK-0116","ING-001","2.0","shot"
"DRK-0116","ING-014","1.0","oz"
"DRK-0116","ING-017","1.0","pump"
"DRK-0116","ING-031","1.0","cup"
"DRK-0116","ING-036","1.0","serving"
"DRK-0116","ING-038","1.0","cup"
"DRK-0117","ING-001","2.0","shot"
"DRK-0117","ING-008","1.0","oz"
"DRK-0117","ING-017","1.0","pump"
"DRK-0117","ING-031","1.0","cup"
"DRK-0117","ING-034","1.0","serving"
"DRK-0118","ING-001","1.0","shot"
"DRK-0118","ING-008","1.0","oz"
"DRK-0118","ING-017","1.0","pump"
"DRK-0118","ING-031","1.0","cup"
"DRK-0118","ING-036","1.0","serving"
"DRK-0118","ING-038","1.0","cup"
"DRK-0119","ING-006","1.0","serving"
"DRK-0119","ING-014","1.0","oz"
"DRK-0119","ING-023","1.0","pump"
"DRK-0119","ING-031","1.0","cup"
"DRK-0119","ING-036","1.0","serving"
"DRK-0119","ING-038","1.0","cup"
"DRK-0120","ING-005","1.0","serving"
"DRK-0120","ING-014","1.0","oz"
"DRK-0120","ING-017","1.0","pump"
"DRK-0120","ING-031","1.0","cup"
"DRK-0120","ING-035","1.0","serving"
"DRK-0120","ING-038","1.0","cup"
"DRK-0121","ING-001","2.0","shot"
"DRK-0121","ING-008","1.0","oz"
"DRK-0121","ING-018","1.0","pump"
"DRK-0121","ING-031","1.0","cup"
"DRK-0121","ING-034","1.0","serving"
"DRK-0122","ING-002","1.0","serving"
"DRK-0122","ING-009","1.0","oz"
"DRK-0122","ING-018","1.0","pump"
"DRK-0122","ING-031","1.0","cup"
"DRK-0122","ING-035","1.0","serving"
"DRK-0122","ING-038","1.0","cup"
"DRK-0123","ING-001","2.0","shot"
"DRK-0123","ING-009","1.0","oz"
"DRK-0123","ING-018","1.0","pump"
"DRK-0123","ING-031","1.0","cup"
"DRK-0123","ING-034","1.0","serving"
"DRK-0124","ING-003","1.0","serving"
"DRK-0124","ING-009","1.0","oz"
"DRK-0124","ING-018","1.0","pump"
"DRK-0124","ING-031","1.0","cup"
"DRK-0124","ING-034","1.0","serving"
"DRK-0125","ING-004","1.0","serving"
"DRK-0125","ING-009","1.0","oz"
"DRK-0125","ING-018","1.0","pump"
"DRK-0125","ING-031","1.0","cup"
"DRK-0125","ING-034","1.0","serving"
"DRK-0126","ING-001","2.0","shot"
"DRK-0126","ING-014","1.0","oz"
"DRK-0126","ING-019","1.0","pump"
"DRK-0126","ING-031","1.0","cup"
"DRK-0126","ING-034","1.0","serving"
"DRK-0127","ING-001","2.0","shot"
"DRK-0127","ING-009","1.0","oz"
"DRK-0127","ING-019","1.0","pump"
"DRK-0127","ING-032","1.0","cup"
"DRK-0127","ING-034","1.0","serving"
"DRK-0128","ING-001","1.0","shot"
"DRK-0128","ING-009","1.0","oz"
"DRK-0128","ING-019","1.0","pump"
"DRK-0128","ING-032","1.0","cup"
"DRK-0128","ING-036","1.0","serving"
"DRK-0128","ING-038","1.0","cup"
"DRK-0129","ING-006","1.0","serving"
"DRK-0129","ING-014","1.0","oz"
"DRK-0129","ING-023","1.0","pump"
"DRK-0129","ING-032","1.0","cup"
"DRK-0129","ING-035","1.0","serving"
"DRK-0129","ING-038","1.0","cup"
"DRK-0130","ING-005","1.0","serving"
"DRK-0130","ING-014","1.0","oz"
"DRK-0130","ING-032","1.0","cup"
"DRK-0130","ING-034","1.0","serving"
"DRK-0131","ING-001","2.0","shot"
"DRK-0131","ING-009","1.0","oz"
"DRK-0131","ING-020","1.0","pump"
"DRK-0131","ING-032","1.0","cup"
"DRK-0131","ING-035","1.0","serving"
"DRK-0131","ING-038","1.0","cup"
"DRK-0132","ING-002","1.0","serving"
"DRK-0132","ING-009","1.0","oz"
"DRK-0132","ING-020","1.0","pump"
"DRK-0132","ING-032","1.0","cup"
"DRK-0132","ING-035","1.0","serving"
"DRK-0132","ING-038","1.0","cup"
"DRK-0133","ING-001","2.0","shot"
"DRK-0133","ING-010","1.0","oz"
"DRK-0133","ING-020","1.0","pump"
"DRK-0133","ING-032","1.0","cup"
"DRK-0133","ING-035","1.0","serving"
"DRK-0133","ING-038","1.0","cup"
"DRK-0134","ING-003","1.0","serving"
"DRK-0134","ING-010","1.0","oz"
"DRK-0134","ING-020","1.0","pump"
"DRK-0134","ING-033","1.0","cup"
"DRK-0134","ING-035","1.0","serving"
"DRK-0134","ING-038","1.0","cup"
"DRK-0135","ING-004","1.0","serving"
"DRK-0135","ING-010","1.0","oz"
"DRK-0135","ING-020","1.0","pump"
"DRK-0135","ING-033","1.0","cup"
"DRK-0135","ING-035","1.0","serving"
"DRK-0135","ING-038","1.0","cup"
"DRK-0136","ING-001","3.0","shot"
"DRK-0136","ING-010","1.0","oz"
"DRK-0136","ING-021","1.0","pump"
"DRK-0136","ING-033","1.0","cup"
"DRK-0136","ING-035","1.0","serving"
"DRK-0136","ING-038","1.0","cup"
"DRK-0137","ING-001","3.0","shot"
"DRK-0137","ING-010","1.0","oz"
"DRK-0137","ING-021","1.0","pump"
"DRK-0137","ING-033","1.0","cup"
"DRK-0137","ING-035","1.0","serving"
"DRK-0137","ING-038","1.0","cup"
"DRK-0138","ING-001","1.0","shot"
"DRK-0138","ING-010","1.0","oz"
"DRK-0138","ING-021","1.0","pump"
"DRK-0138","ING-033","1.0","cup"
"DRK-0138","ING-036","1.0","serving"
"DRK-0138","ING-038","1.0","cup"
"DRK-0139","ING-006","1.0","serving"
"DRK-0139","ING-010","1.0","oz"
"DRK-0139","ING-021","1.0","pump"
"DRK-0139","ING-033","1.0","cup"
"DRK-0139","ING-035","1.0","serving"
"DRK-0139","ING-038","1.0","cup"
"DRK-0140","ING-005","1.0","serving"
"DRK-0140","ING-010","1.0","oz"
"DRK-0140","ING-021","1.0","pump"
"DRK-0140","ING-033","1.0","cup"
"DRK-0140","ING-035","1.0","serving"
"DRK-0140","ING-038","1.0","cup"
"DRK-0141","ING-001","2.0","shot"
"DRK-0141","ING-010","1.0","oz"
"DRK-0141","ING-022","1.0","pump"
"DRK-0141","ING-031","1.0","cup"
"DRK-0141","ING-036","1.0","serving"
"DRK-0141","ING-038","1.0","cup"
"DRK-0142","ING-002","1.0","serving"
"DRK-0142","ING-010","1.0","oz"
"DRK-0142","ING-022","1.0","pump"
"DRK-0142","ING-031","1.0","cup"
"DRK-0142","ING-036","1.0","serving"
"DRK-0142","ING-038","1.0","cup"
"DRK-0143","ING-001","2.0","shot"
"DRK-0143","ING-010","1.0","oz"
"DRK-0143","ING-022","1.0","pump"
"DRK-0143","ING-031","1.0","cup"
"DRK-0143","ING-036","1.0","serving"
"DRK-0143","ING-038","1.0","cup"
"DRK-0144","ING-003","1.0","serving"
"DRK-0144","ING-011","1.0","oz"
"DRK-0144","ING-022","1.0","pump"
"DRK-0144","ING-031","1.0","cup"
"DRK-0144","ING-036","1.0","serving"
"DRK-0144","ING-038","1.0","cup"
"DRK-0145","ING-004","1.0","serving"
"DRK-0145","ING-011","1.0","oz"
"DRK-0145","ING-022","1.0","pump"
"DRK-0145","ING-031","1.0","cup"
"DRK-0145","ING-036","1.0","serving"
"DRK-0145","ING-038","1.0","cup"
"DRK-0146","ING-001","2.0","shot"
"DRK-0146","ING-014","1.0","oz"
"DRK-0146","ING-023","1.0","pump"
"DRK-0146","ING-031","1.0","cup"
"DRK-0146","ING-036","1.0","serving"
"DRK-0146","ING-038","1.0","cup"
"DRK-0147","ING-001","2.0","shot"
"DRK-0147","ING-011","1.0","oz"
"DRK-0147","ING-023","1.0","pump"
"DRK-0147","ING-031","1.0","cup"
"DRK-0147","ING-034","1.0","serving"
"DRK-0148","ING-001","1.0","shot"
"DRK-0148","ING-011","1.0","oz"
"DRK-0148","ING-023","1.0","pump"
"DRK-0148","ING-031","1.0","cup"
"DRK-0148","ING-036","1.0","serving"
"DRK-0148","ING-038","1.0","cup"
"DRK-0149","ING-006","1.0","serving"
"DRK-0149","ING-014","1.0","oz"
"DRK-0149","ING-023","1.0","pump"
"DRK-0149","ING-031","1.0","cup"
"DRK-0149","ING-036","1.0","serving"
"DRK-0149","ING-038","1.0","cup"
"DRK-0150","ING-005","1.0","serving"
"DRK-0150","ING-014","1.0","oz"
"DRK-0150","ING-023","1.0","pump"
"DRK-0150","ING-031","1.0","cup"
"DRK-0150","ING-035","1.0","serving"
"DRK-0150","ING-038","1.0","cup"
"DRK-0151","ING-001","2.0","shot"
"DRK-0151","ING-011","1.0","oz"
"DRK-0151","ING-031","1.0","cup"
"DRK-0151","ING-034","1.0","serving"
"DRK-0152","ING-002","1.0","serving"
"DRK-0152","ING-011","1.0","oz"
"DRK-0152","ING-031","1.0","cup"
"DRK-0152","ING-035","1.0","serving"
"DRK-0152","ING-038","1.0","cup"
"DRK-0153","ING-001","2.0","shot"
"DRK-0153","ING-011","1.0","oz"
"DRK-0153","ING-031","1.0","cup"
"DRK-0153","ING-034","1.0","serving"
"DRK-0154","ING-003","1.0","serving"
"DRK-0154","ING-011","1.0","oz"
"DRK-0154","ING-031","1.0","cup"
"DRK-0154","ING-034","1.0","serving"
"DRK-0155","ING-004","1.0","serving"
"DRK-0155","ING-012","1.0","oz"
"DRK-0155","ING-032","1.0","cup"
"DRK-0155","ING-034","1.0","serving"
"DRK-0156","ING-001","2.0","shot"
"DRK-0156","ING-014","1.0","oz"
"DRK-0156","ING-015","1.0","pump"
"DRK-0156","ING-032","1.0","cup"
"DRK-0156","ING-034","1.0","serving"
"DRK-0157","ING-001","2.0","shot"
"DRK-0157","ING-012","1.0","oz"
"DRK-0157","ING-015","1.0","pump"
"DRK-0157","ING-032","1.0","cup"
"DRK-0157","ING-034","1.0","serving"
"DRK-0158","ING-001","1.0","shot"
"DRK-0158","ING-012","1.0","oz"
"DRK-0158","ING-015","1.0","pump"
"DRK-0158","ING-032","1.0","cup"
"DRK-0158","ING-036","1.0","serving"
"DRK-0158","ING-038","1.0","cup"
"DRK-0159","ING-006","1.0","serving"
"DRK-0159","ING-014","1.0","oz"
"DRK-0159","ING-015","1.0","pump"
"DRK-0159","ING-032","1.0","cup"
"DRK-0159","ING-035","1.0","serving"
"DRK-0159","ING-038","1.0","cup"
"DRK-0160","ING-005","1.0","serving"
"DRK-0160","ING-014","1.0","oz"
"DRK-0160","ING-015","1.0","pump"
"DRK-0160","ING-032","1.0","cup"
"DRK-0160","ING-034","1.0","serving"
"DRK-0161","ING-001","2.0","shot"
"DRK-0161","ING-012","1.0","oz"
"DRK-0161","ING-016","1.0","pump"
"DRK-0161","ING-032","1.0","cup"
"DRK-0161","ING-035","1.0","serving"
"DRK-0161","ING-038","1.0","cup"
"DRK-0162","ING-002","1.0","serving"
"DRK-0162","ING-012","1.0","oz"
"DRK-0162","ING-016","1.0","pump"
"DRK-0162","ING-033","1.0","cup"
"DRK-0162","ING-035","1.0","serving"
"DRK-0162","ING-038","1.0","cup"
"DRK-0163","ING-001","3.0","shot"
"DRK-0163","ING-012","1.0","oz"
"DRK-0163","ING-016","1.0","pump"
"DRK-0163","ING-033","1.0","cup"
"DRK-0163","ING-035","1.0","serving"
"DRK-0163","ING-038","1.0","cup"
"DRK-0164","ING-003","1.0","serving"
"DRK-0164","ING-012","1.0","oz"
"DRK-0164","ING-016","1.0","pump"
"DRK-0164","ING-033","1.0","cup"
"DRK-0164","ING-035","1.0","serving"
"DRK-0164","ING-038","1.0","cup"
"DRK-0165","ING-004","1.0","serving"
"DRK-0165","ING-012","1.0","oz"
"DRK-0165","ING-016","1.0","pump"
"DRK-0165","ING-033","1.0","cup"
"DRK-0165","ING-035","1.0","serving"
"DRK-0165","ING-038","1.0","cup"
"DRK-0166","ING-001","3.0","shot"
"DRK-0166","ING-013","1.0","oz"
"DRK-0166","ING-017","1.0","pump"
"DRK-0166","ING-033","1.0","cup"
"DRK-0166","ING-035","1.0","serving"
"DRK-0166","ING-038","1.0","cup"
"DRK-0167","ING-001","3.0","shot"
"DRK-0167","ING-013","1.0","oz"
"DRK-0167","ING-017","1.0","pump"
"DRK-0167","ING-033","1.0","cup"
"DRK-0167","ING-035","1.0","serving"
"DRK-0167","ING-038","1.0","cup"
"DRK-0168","ING-001","1.0","shot"
"DRK-0168","ING-013","1.0","oz"
"DRK-0168","ING-017","1.0","pump"
"DRK-0168","ING-033","1.0","cup"
"DRK-0168","ING-036","1.0","serving"
"DRK-0168","ING-038","1.0","cup"
"DRK-0169","ING-006","1.0","serving"
"DRK-0169","ING-013","1.0","oz"
"DRK-0169","ING-023","1.0","pump"
"DRK-0169","ING-031","1.0","cup"
"DRK-0169","ING-035","1.0","serving"
"DRK-0169","ING-038","1.0","cup"
"DRK-0170","ING-005","1.0","serving"
"DRK-0170","ING-013","1.0","oz"
"DRK-0170","ING-017","1.0","pump"
"DRK-0170","ING-031","1.0","cup"
"DRK-0170","ING-035","1.0","serving"
"DRK-0170","ING-038","1.0","cup"
"DRK-0171","ING-001","2.0","shot"
"DRK-0171","ING-013","1.0","oz"
"DRK-0171","ING-018","1.0","pump"
"DRK-0171","ING-031","1.0","cup"
"DRK-0171","ING-036","1.0","serving"
"DRK-0171","ING-038","1.0","cup"
"DRK-0172","ING-002","1.0","serving"
"DRK-0172","ING-013","1.0","oz"
"DRK-0172","ING-018","1.0","pump"
"DRK-0172","ING-031","1.0","cup"
"DRK-0172","ING-036","1.0","serving"
"DRK-0172","ING-038","1.0","cup"
"DRK-0173","ING-001","2.0","shot"
"DRK-0173","ING-013","1.0","oz"
"DRK-0173","ING-018","1.0","pump"
"DRK-0173","ING-031","1.0","cup"
"DRK-0173","ING-036","1.0","serving"
"DRK-0173","ING-038","1.0","cup"
"DRK-0174","ING-003","1.0","serving"
"DRK-0174","ING-013","1.0","oz"
"DRK-0174","ING-018","1.0","pump"
"DRK-0174","ING-031","1.0","cup"
"DRK-0174","ING-036","1.0","serving"
"DRK-0174","ING-038","1.0","cup"
"DRK-0175","ING-004","1.0","serving"
"DRK-0175","ING-013","1.0","oz"
"DRK-0175","ING-018","1.0","pump"
"DRK-0175","ING-031","1.0","cup"
"DRK-0175","ING-036","1.0","serving"
"DRK-0175","ING-038","1.0","cup"
"DRK-0176","ING-001","2.0","shot"
"DRK-0176","ING-013","1.0","oz"
"DRK-0176","ING-019","1.0","pump"
"DRK-0176","ING-031","1.0","cup"
"DRK-0176","ING-036","1.0","serving"
"DRK-0176","ING-038","1.0","cup"
"DRK-0177","ING-001","2.0","shot"
"DRK-0177","ING-008","1.0","oz"
"DRK-0177","ING-019","1.0","pump"
"DRK-0177","ING-031","1.0","cup"
"DRK-0177","ING-034","1.0","serving"
"DRK-0178","ING-001","1.0","shot"
"DRK-0178","ING-009","1.0","oz"
"DRK-0178","ING-019","1.0","pump"
"DRK-0178","ING-031","1.0","cup"
"DRK-0178","ING-036","1.0","serving"
"DRK-0178","ING-038","1.0","cup"
"DRK-0179","ING-006","1.0","serving"
"DRK-0179","ING-014","1.0","oz"
"DRK-0179","ING-023","1.0","pump"
"DRK-0179","ING-031","1.0","cup"
"DRK-0179","ING-036","1.0","serving"
"DRK-0179","ING-038","1.0","cup"
"DRK-0180","ING-005","1.0","serving"
"DRK-0180","ING-014","1.0","oz"
"DRK-0180","ING-031","1.0","cup"
"DRK-0180","ING-035","1.0","serving"
"DRK-0180","ING-038","1.0","cup"
"DRK-0181","ING-001","2.0","shot"
"DRK-0181","ING-012","1.0","oz"
"DRK-0181","ING-020","1.0","pump"
"DRK-0181","ING-031","1.0","cup"
"DRK-0181","ING-034","1.0","serving"
"DRK-0182","ING-002","1.0","serving"
"DRK-0182","ING-014","1.0","oz"
"DRK-0182","ING-020","1.0","pump"
"DRK-0182","ING-031","1.0","cup"
"DRK-0182","ING-035","1.0","serving"
"DRK-0182","ING-038","1.0","cup"
"DRK-0183","ING-001","2.0","shot"
"DRK-0183","ING-007","1.0","oz"
"DRK-0183","ING-020","1.0","pump"
"DRK-0183","ING-032","1.0","cup"
"DRK-0183","ING-034","1.0","serving"
"DRK-0184","ING-003","1.0","serving"
"DRK-0184","ING-008","1.0","oz"
"DRK-0184","ING-020","1.0","pump"
"DRK-0184","ING-032","1.0","cup"
"DRK-0184","ING-034","1.0","serving"
"DRK-0185","ING-004","1.0","serving"
"DRK-0185","ING-009","1.0","oz"
"DRK-0185","ING-020","1.0","pump"
"DRK-0185","ING-032","1.0","cup"
"DRK-0185","ING-034","1.0","serving"
"DRK-0186","ING-001","2.0","shot"
"DRK-0186","ING-014","1.0","oz"
"DRK-0186","ING-021","1.0","pump"
"DRK-0186","ING-032","1.0","cup"
"DRK-0186","ING-034","1.0","serving"
"DRK-0187","ING-001","2.0","shot"
"DRK-0187","ING-011","1.0","oz"
"DRK-0187","ING-021","1.0","pump"
"DRK-0187","ING-032","1.0","cup"
"DRK-0187","ING-034","1.0","serving"
"DRK-0188","ING-001","1.0","shot"
"DRK-0188","ING-007","1.0","oz"
"DRK-0188","ING-021","1.0","pump"
"DRK-0188","ING-032","1.0","cup"
"DRK-0188","ING-036","1.0","serving"
"DRK-0188","ING-038","1.0","cup"
"DRK-0189","ING-006","1.0","serving"
"DRK-0189","ING-014","1.0","oz"
"DRK-0189","ING-021","1.0","pump"
"DRK-0189","ING-032","1.0","cup"
"DRK-0189","ING-035","1.0","serving"
"DRK-0189","ING-038","1.0","cup"
"DRK-0190","ING-005","1.0","serving"
"DRK-0190","ING-014","1.0","oz"
"DRK-0190","ING-021","1.0","pump"
"DRK-0190","ING-033","1.0","cup"
"DRK-0190","ING-034","1.0","serving"
"DRK-0191","ING-001","3.0","shot"
"DRK-0191","ING-007","1.0","oz"
"DRK-0191","ING-022","1.0","pump"
"DRK-0191","ING-033","1.0","cup"
"DRK-0191","ING-035","1.0","serving"
"DRK-0191","ING-038","1.0","cup"
"DRK-0192","ING-002","1.0","serving"
"DRK-0192","ING-007","1.0","oz"
"DRK-0192","ING-022","1.0","pump"
"DRK-0192","ING-033","1.0","cup"
"DRK-0192","ING-035","1.0","serving"
"DRK-0192","ING-038","1.0","cup"
"DRK-0193","ING-001","3.0","shot"
"DRK-0193","ING-007","1.0","oz"
"DRK-0193","ING-022","1.0","pump"
"DRK-0193","ING-033","1.0","cup"
"DRK-0193","ING-035","1.0","serving"
"DRK-0193","ING-038","1.0","cup"
"DRK-0194","ING-003","1.0","serving"
"DRK-0194","ING-007","1.0","oz"
"DRK-0194","ING-022","1.0","pump"
"DRK-0194","ING-033","1.0","cup"
"DRK-0194","ING-035","1.0","serving"
"DRK-0194","ING-038","1.0","cup"
"DRK-0195","ING-004","1.0","serving"
"DRK-0195","ING-007","1.0","oz"
"DRK-0195","ING-022","1.0","pump"
"DRK-0195","ING-033","1.0","cup"
"DRK-0195","ING-035","1.0","serving"
"DRK-0195","ING-038","1.0","cup"
"DRK-0196","ING-001","3.0","shot"
"DRK-0196","ING-014","1.0","oz"
"DRK-0196","ING-023","1.0","pump"
"DRK-0196","ING-033","1.0","cup"
"DRK-0196","ING-035","1.0","serving"
"DRK-0196","ING-038","1.0","cup"
"DRK-0197","ING-001","2.0","shot"
"DRK-0197","ING-007","1.0","oz"
"DRK-0197","ING-023","1.0","pump"
"DRK-0197","ING-031","1.0","cup"
"DRK-0197","ING-035","1.0","serving"
"DRK-0197","ING-038","1.0","cup"
"DRK-0198","ING-001","1.0","shot"
"DRK-0198","ING-007","1.0","oz"
"DRK-0198","ING-023","1.0","pump"
"DRK-0198","ING-031","1.0","cup"
"DRK-0198","ING-036","1.0","serving"
"DRK-0198","ING-038","1.0","cup"
"DRK-0199","ING-006","1.0","serving"
"DRK-0199","ING-014","1.0","oz"
"DRK-0199","ING-023","1.0","pump"
"DRK-0199","ING-031","1.0","cup"
"DRK-0199","ING-035","1.0","serving"
"DRK-0199","ING-038","1.0","cup"
"DRK-0200","ING-005","1.0","serving"
"DRK-0200","ING-014","1.0","oz"
"DRK-0200","ING-023","1.0","pump"
"DRK-0200","ING-031","1.0","cup"
"DRK-0200","ING-035","1.0","serving"
"DRK-0200","ING-038","1.0","cup"
"DRK-0201","ING-001","2.0","shot"
"DRK-0201","ING-008","1.0","oz"
"DRK-0201","ING-031","1.0","cup"
"DRK-0201","ING-036","1.0","serving"
"DRK-0201","ING-038","1.0","cup"
"DRK-0202","ING-002","1.0","serving"
"DRK-0202","ING-008","1.0","oz"
"DRK-0202","ING-031","1.0","cup"
"DRK-0202","ING-036","1.0","serving"
"DRK-0202","ING-038","1.0","cup"
"DRK-0203","ING-001","2.0","shot"
"DRK-0203","ING-008","1.0","oz"
"DRK-0203","ING-031","1.0","cup"
"DRK-0203","ING-036","1.0","serving"
"DRK-0203","ING-038","1.0","cup"
"DRK-0204","ING-003","1.0","serving"
"DRK-0204","ING-008","1.0","oz"
"DRK-0204","ING-031","1.0","cup"
"DRK-0204","ING-036","1.0","serving"
"DRK-0204","ING-038","1.0","cup"
"DRK-0205","ING-004","1.0","serving"
"DRK-0205","ING-008","1.0","oz"
"DRK-0205","ING-031","1.0","cup"
"DRK-0205","ING-036","1.0","serving"
"DRK-0205","ING-038","1.0","cup"
"DRK-0206","ING-001","2.0","shot"
"DRK-0206","ING-014","1.0","oz"
"DRK-0206","ING-015","1.0","pump"
"DRK-0206","ING-031","1.0","cup"
"DRK-0206","ING-036","1.0","serving"
"DRK-0206","ING-038","1.0","cup"
"DRK-0207","ING-001","2.0","shot"
"DRK-0207","ING-008","1.0","oz"
"DRK-0207","ING-015","1.0","pump"
"DRK-0207","ING-031","1.0","cup"
"DRK-0207","ING-034","1.0","serving"
"DRK-0208","ING-001","1.0","shot"
"DRK-0208","ING-008","1.0","oz"
"DRK-0208","ING-015","1.0","pump"
"DRK-0208","ING-031","1.0","cup"
"DRK-0208","ING-036","1.0","serving"
"DRK-0208","ING-038","1.0","cup"
"DRK-0209","ING-006","1.0","serving"
"DRK-0209","ING-014","1.0","oz"
"DRK-0209","ING-015","1.0","pump"
"DRK-0209","ING-031","1.0","cup"
"DRK-0209","ING-036","1.0","serving"
"DRK-0209","ING-038","1.0","cup"
"DRK-0210","ING-005","1.0","serving"
"DRK-0210","ING-014","1.0","oz"
"DRK-0210","ING-015","1.0","pump"
"DRK-0210","ING-031","1.0","cup"
"DRK-0210","ING-035","1.0","serving"
"DRK-0210","ING-038","1.0","cup"
"DRK-0211","ING-001","2.0","shot"
"DRK-0211","ING-009","1.0","oz"
"DRK-0211","ING-016","1.0","pump"
"DRK-0211","ING-032","1.0","cup"
"DRK-0211","ING-034","1.0","serving"
"DRK-0212","ING-002","1.0","serving"
"DRK-0212","ING-009","1.0","oz"
"DRK-0212","ING-016","1.0","pump"
"DRK-0212","ING-032","1.0","cup"
"DRK-0212","ING-035","1.0","serving"
"DRK-0212","ING-038","1.0","cup"
"DRK-0213","ING-001","2.0","shot"
"DRK-0213","ING-009","1.0","oz"
"DRK-0213","ING-016","1.0","pump"
"DRK-0213","ING-032","1.0","cup"
"DRK-0213","ING-034","1.0","serving"
"DRK-0214","ING-003","1.0","serving"
"DRK-0214","ING-009","1.0","oz"
"DRK-0214","ING-016","1.0","pump"
"DRK-0214","ING-032","1.0","cup"
"DRK-0214","ING-034","1.0","serving"
"DRK-0215","ING-004","1.0","serving"
"DRK-0215","ING-009","1.0","oz"
"DRK-0215","ING-016","1.0","pump"
"DRK-0215","ING-032","1.0","cup"
"DRK-0215","ING-034","1.0","serving"
"DRK-0216","ING-001","2.0","shot"
"DRK-0216","ING-014","1.0","oz"
"DRK-0216","ING-017","1.0","pump"
"DRK-0216","ING-032","1.0","cup"
"DRK-0216","ING-034","1.0","serving"
"DRK-0217","ING-001","2.0","shot"
"DRK-0217","ING-009","1.0","oz"
"DRK-0217","ING-017","1.0","pump"
"DRK-0217","ING-032","1.0","cup"
"DRK-0217","ING-034","1.0","serving"
"DRK-0218","ING-001","1.0","shot"
"DRK-0218","ING-009","1.0","oz"
"DRK-0218","ING-017","1.0","pump"
"DRK-0218","ING-033","1.0","cup"
"DRK-0218","ING-036","1.0","serving"
"DRK-0218","ING-038","1.0","cup"
"DRK-0219","ING-006","1.0","serving"
"DRK-0219","ING-014","1.0","oz"
"DRK-0219","ING-023","1.0","pump"
"DRK-0219","ING-033","1.0","cup"
"DRK-0219","ING-035","1.0","serving"
"DRK-0219","ING-038","1.0","cup"
"DRK-0220","ING-005","1.0","serving"
"DRK-0220","ING-014","1.0","oz"
"DRK-0220","ING-017","1.0","pump"
"DRK-0220","ING-033","1.0","cup"
"DRK-0220","ING-034","1.0","serving"
"DRK-0221","ING-001","3.0","shot"
"DRK-0221","ING-010","1.0","oz"
"DRK-0221","ING-018","1.0","pump"
"DRK-0221","ING-033","1.0","cup"
"DRK-0221","ING-035","1.0","serving"
"DRK-0221","ING-038","1.0","cup"
"DRK-0222","ING-002","1.0","serving"
"DRK-0222","ING-010","1.0","oz"
"DRK-0222","ING-018","1.0","pump"
"DRK-0222","ING-033","1.0","cup"
"DRK-0222","ING-035","1.0","serving"
"DRK-0222","ING-038","1.0","cup"
"DRK-0223","ING-001","3.0","shot"
"DRK-0223","ING-010","1.0","oz"
"DRK-0223","ING-018","1.0","pump"
"DRK-0223","ING-033","1.0","cup"
"DRK-0223","ING-035","1.0","serving"
"DRK-0223","ING-038","1.0","cup"
"DRK-0224","ING-003","1.0","serving"
"DRK-0224","ING-010","1.0","oz"
"DRK-0224","ING-018","1.0","pump"
"DRK-0224","ING-033","1.0","cup"
"DRK-0224","ING-035","1.0","serving"
"DRK-0224","ING-038","1.0","cup"
"DRK-0225","ING-004","1.0","serving"
"DRK-0225","ING-010","1.0","oz"
"DRK-0225","ING-018","1.0","pump"
"DRK-0225","ING-031","1.0","cup"
"DRK-0225","ING-035","1.0","serving"
"DRK-0225","ING-038","1.0","cup"
"DRK-0226","ING-001","2.0","shot"
"DRK-0226","ING-010","1.0","oz"
"DRK-0226","ING-019","1.0","pump"
"DRK-0226","ING-031","1.0","cup"
"DRK-0226","ING-035","1.0","serving"
"DRK-0226","ING-038","1.0","cup"
"DRK-0227","ING-001","2.0","shot"
"DRK-0227","ING-010","1.0","oz"
"DRK-0227","ING-019","1.0","pump"
"DRK-0227","ING-031","1.0","cup"
"DRK-0227","ING-035","1.0","serving"
"DRK-0227","ING-038","1.0","cup"
"DRK-0228","ING-001","1.0","shot"
"DRK-0228","ING-010","1.0","oz"
"DRK-0228","ING-019","1.0","pump"
"DRK-0228","ING-031","1.0","cup"
"DRK-0228","ING-036","1.0","serving"
"DRK-0228","ING-038","1.0","cup"
"DRK-0229","ING-006","1.0","serving"
"DRK-0229","ING-010","1.0","oz"
"DRK-0229","ING-023","1.0","pump"
"DRK-0229","ING-031","1.0","cup"
"DRK-0229","ING-035","1.0","serving"
"DRK-0229","ING-038","1.0","cup"
"DRK-0230","ING-005","1.0","serving"
"DRK-0230","ING-010","1.0","oz"
"DRK-0230","ING-031","1.0","cup"
"DRK-0230","ING-035","1.0","serving"
"DRK-0230","ING-038","1.0","cup"
"DRK-0231","ING-001","2.0","shot"
"DRK-0231","ING-010","1.0","oz"
"DRK-0231","ING-020","1.0","pump"
"DRK-0231","ING-031","1.0","cup"
"DRK-0231","ING-036","1.0","serving"
"DRK-0231","ING-038","1.0","cup"
"DRK-0232","ING-002","1.0","serving"
"DRK-0232","ING-011","1.0","oz"
"DRK-0232","ING-020","1.0","pump"
"DRK-0232","ING-031","1.0","cup"
"DRK-0232","ING-036","1.0","serving"
"DRK-0232","ING-038","1.0","cup"
"DRK-0233","ING-001","2.0","shot"
"DRK-0233","ING-011","1.0","oz"
"DRK-0233","ING-020","1.0","pump"
"DRK-0233","ING-031","1.0","cup"
"DRK-0233","ING-036","1.0","serving"
"DRK-0233","ING-038","1.0","cup"
"DRK-0234","ING-003","1.0","serving"
"DRK-0234","ING-011","1.0","oz"
"DRK-0234","ING-020","1.0","pump"
"DRK-0234","ING-031","1.0","cup"
"DRK-0234","ING-036","1.0","serving"
"DRK-0234","ING-038","1.0","cup"
"DRK-0235","ING-004","1.0","serving"
"DRK-0235","ING-011","1.0","oz"
"DRK-0235","ING-020","1.0","pump"
"DRK-0235","ING-031","1.0","cup"
"DRK-0235","ING-036","1.0","serving"
"DRK-0235","ING-038","1.0","cup"
"DRK-0236","ING-001","2.0","shot"
"DRK-0236","ING-014","1.0","oz"
"DRK-0236","ING-021","1.0","pump"
"DRK-0236","ING-031","1.0","cup"
"DRK-0236","ING-036","1.0","serving"
"DRK-0236","ING-038","1.0","cup"
"DRK-0237","ING-001","2.0","shot"
"DRK-0237","ING-011","1.0","oz"
"DRK-0237","ING-021","1.0","pump"
"DRK-0237","ING-031","1.0","cup"
"DRK-0237","ING-034","1.0","serving"
"DRK-0238","ING-001","1.0","shot"
"DRK-0238","ING-011","1.0","oz"
"DRK-0238","ING-021","1.0","pump"
"DRK-0238","ING-031","1.0","cup"
"DRK-0238","ING-036","1.0","serving"
"DRK-0238","ING-038","1.0","cup"
"DRK-0239","ING-006","1.0","serving"
"DRK-0239","ING-014","1.0","oz"
"DRK-0239","ING-021","1.0","pump"
"DRK-0239","ING-032","1.0","cup"
"DRK-0239","ING-036","1.0","serving"
"DRK-0239","ING-038","1.0","cup"
"DRK-0240","ING-005","1.0","serving"
"DRK-0240","ING-014","1.0","oz"
"DRK-0240","ING-021","1.0","pump"
"DRK-0240","ING-032","1.0","cup"
"DRK-0240","ING-035","1.0","serving"
"DRK-0240","ING-038","1.0","cup"
"DRK-0241","ING-001","2.0","shot"
"DRK-0241","ING-011","1.0","oz"
"DRK-0241","ING-022","1.0","pump"
"DRK-0241","ING-032","1.0","cup"
"DRK-0241","ING-034","1.0","serving"
"DRK-0242","ING-002","1.0","serving"
"DRK-0242","ING-011","1.0","oz"
"DRK-0242","ING-022","1.0","pump"
"DRK-0242","ING-032","1.0","cup"
"DRK-0242","ING-035","1.0","serving"
"DRK-0242","ING-038","1.0","cup"
"DRK-0243","ING-001","2.0","shot"
"DRK-0243","ING-012","1.0","oz"
"DRK-0243","ING-022","1.0","pump"
"DRK-0243","ING-032","1.0","cup"
"DRK-0243","ING-034","1.0","serving"
"DRK-0244","ING-003","1.0","serving"
"DRK-0244","ING-012","1.0","oz"
"DRK-0244","ING-022","1.0","pump"
"DRK-0244","ING-032","1.0","cup"
"DRK-0244","ING-034","1.0","serving"
"DRK-0245","ING-004","1.0","serving"
"DRK-0245","ING-012","1.0","oz"
"DRK-0245","ING-022","1.0","pump"
"DRK-0245","ING-032","1.0","cup"
"DRK-0245","ING-034","1.0","serving"
"DRK-0246","ING-001","3.0","shot"
"DRK-0246","ING-014","1.0","oz"
"DRK-0246","ING-023","1.0","pump"
"DRK-0246","ING-033","1.0","cup"
"DRK-0246","ING-034","1.0","serving"
"DRK-0247","ING-001","3.0","shot"
"DRK-0247","ING-012","1.0","oz"
"DRK-0247","ING-023","1.0","pump"
"DRK-0247","ING-033","1.0","cup"
"DRK-0247","ING-034","1.0","serving"
"DRK-0248","ING-001","1.0","shot"
"DRK-0248","ING-012","1.0","oz"
"DRK-0248","ING-023","1.0","pump"
"DRK-0248","ING-033","1.0","cup"
"DRK-0248","ING-036","1.0","serving"
"DRK-0248","ING-038","1.0","cup"
"DRK-0249","ING-006","1.0","serving"
"DRK-0249","ING-014","1.0","oz"
"DRK-0249","ING-023","1.0","pump"
"DRK-0249","ING-033","1.0","cup"
"DRK-0249","ING-035","1.0","serving"
"DRK-0249","ING-038","1.0","cup"
"DRK-0250","ING-005","1.0","serving"
"DRK-0250","ING-014","1.0","oz"
"DRK-0250","ING-023","1.0","pump"
"DRK-0250","ING-033","1.0","cup"
"DRK-0250","ING-034","1.0","serving"
"DRK-0251","ING-001","3.0","shot"
"DRK-0251","ING-012","1.0","oz"
"DRK-0251","ING-033","1.0","cup"
"DRK-0251","ING-035","1.0","serving"
"DRK-0251","ING-038","1.0","cup"
"DRK-0252","ING-002","1.0","serving"
"DRK-0252","ING-012","1.0","oz"
"DRK-0252","ING-033","1.0","cup"
"DRK-0252","ING-035","1.0","serving"
"DRK-0252","ING-038","1.0","cup"
"DRK-0253","ING-001","2.0","shot"
"DRK-0253","ING-012","1.0","oz"
"DRK-0253","ING-031","1.0","cup"
"DRK-0253","ING-035","1.0","serving"
"DRK-0253","ING-038","1.0","cup"
"DRK-0254","ING-003","1.0","serving"
"DRK-0254","ING-013","1.0","oz"
"DRK-0254","ING-031","1.0","cup"
"DRK-0254","ING-035","1.0","serving"
"DRK-0254","ING-038","1.0","cup"
"DRK-0255","ING-004","1.0","serving"
"DRK-0255","ING-013","1.0","oz"
"DRK-0255","ING-031","1.0","cup"
"DRK-0255","ING-035","1.0","serving"
"DRK-0255","ING-038","1.0","cup"
"DRK-0256","ING-001","2.0","shot"
"DRK-0256","ING-013","1.0","oz"
"DRK-0256","ING-015","1.0","pump"
"DRK-0256","ING-031","1.0","cup"
"DRK-0256","ING-035","1.0","serving"
"DRK-0256","ING-038","1.0","cup"
"DRK-0257","ING-001","2.0","shot"
"DRK-0257","ING-013","1.0","oz"
"DRK-0257","ING-015","1.0","pump"
"DRK-0257","ING-031","1.0","cup"
"DRK-0257","ING-035","1.0","serving"
"DRK-0257","ING-038","1.0","cup"
"DRK-0258","ING-001","1.0","shot"
"DRK-0258","ING-013","1.0","oz"
"DRK-0258","ING-015","1.0","pump"
"DRK-0258","ING-031","1.0","cup"
"DRK-0258","ING-036","1.0","serving"
"DRK-0258","ING-038","1.0","cup"
"DRK-0259","ING-006","1.0","serving"
"DRK-0259","ING-013","1.0","oz"
"DRK-0259","ING-015","1.0","pump"
"DRK-0259","ING-031","1.0","cup"
"DRK-0259","ING-035","1.0","serving"
"DRK-0259","ING-038","1.0","cup"
"DRK-0260","ING-005","1.0","serving"
"DRK-0260","ING-013","1.0","oz"
"DRK-0260","ING-015","1.0","pump"
"DRK-0260","ING-031","1.0","cup"
"DRK-0260","ING-035","1.0","serving"
"DRK-0260","ING-038","1.0","cup"
"DRK-0261","ING-001","2.0","shot"
"DRK-0261","ING-013","1.0","oz"
"DRK-0261","ING-016","1.0","pump"
"DRK-0261","ING-031","1.0","cup"
"DRK-0261","ING-036","1.0","serving"
"DRK-0261","ING-038","1.0","cup"
"DRK-0262","ING-002","1.0","serving"
"DRK-0262","ING-013","1.0","oz"
"DRK-0262","ING-016","1.0","pump"
"DRK-0262","ING-031","1.0","cup"
"DRK-0262","ING-036","1.0","serving"
"DRK-0262","ING-038","1.0","cup"
"DRK-0263","ING-001","2.0","shot"
"DRK-0263","ING-013","1.0","oz"
"DRK-0263","ING-016","1.0","pump"
"DRK-0263","ING-031","1.0","cup"
"DRK-0263","ING-036","1.0","serving"
"DRK-0263","ING-038","1.0","cup"
"DRK-0264","ING-003","1.0","serving"
"DRK-0264","ING-013","1.0","oz"
"DRK-0264","ING-016","1.0","pump"
"DRK-0264","ING-031","1.0","cup"
"DRK-0264","ING-036","1.0","serving"
"DRK-0264","ING-038","1.0","cup"
"DRK-0265","ING-004","1.0","serving"
"DRK-0265","ING-012","1.0","oz"
"DRK-0265","ING-016","1.0","pump"
"DRK-0265","ING-031","1.0","cup"
"DRK-0265","ING-036","1.0","serving"
"DRK-0265","ING-038","1.0","cup"
"DRK-0266","ING-001","2.0","shot"
"DRK-0266","ING-014","1.0","oz"
"DRK-0266","ING-017","1.0","pump"
"DRK-0266","ING-031","1.0","cup"
"DRK-0266","ING-036","1.0","serving"
"DRK-0266","ING-038","1.0","cup"
"DRK-0267","ING-001","2.0","shot"
"DRK-0267","ING-007","1.0","oz"
"DRK-0267","ING-017","1.0","pump"
"DRK-0267","ING-032","1.0","cup"
"DRK-0267","ING-034","1.0","serving"
"DRK-0268","ING-001","1.0","shot"
"DRK-0268","ING-008","1.0","oz"
"DRK-0268","ING-017","1.0","pump"
"DRK-0268","ING-032","1.0","cup"
"DRK-0268","ING-036","1.0","serving"
"DRK-0268","ING-038","1.0","cup"
"DRK-0269","ING-006","1.0","serving"
"DRK-0269","ING-014","1.0","oz"
"DRK-0269","ING-023","1.0","pump"
"DRK-0269","ING-032","1.0","cup"
"DRK-0269","ING-036","1.0","serving"
"DRK-0269","ING-038","1.0","cup"
"DRK-0270","ING-005","1.0","serving"
"DRK-0270","ING-014","1.0","oz"
"DRK-0270","ING-017","1.0","pump"
"DRK-0270","ING-032","1.0","cup"
"DRK-0270","ING-035","1.0","serving"
"DRK-0270","ING-038","1.0","cup"
"DRK-0271","ING-001","2.0","shot"
"DRK-0271","ING-011","1.0","oz"
"DRK-0271","ING-018","1.0","pump"
"DRK-0271","ING-032","1.0","cup"
"DRK-0271","ING-034","1.0","serving"
"DRK-0272","ING-002","1.0","serving"
"DRK-0272","ING-014","1.0","oz"
"DRK-0272","ING-018","1.0","pump"
"DRK-0272","ING-032","1.0","cup"
"DRK-0272","ING-035","1.0","serving"
"DRK-0272","ING-038","1.0","cup"
"DRK-0273","ING-001","2.0","shot"
"DRK-0273","ING-013","1.0","oz"
"DRK-0273","ING-018","1.0","pump"
"DRK-0273","ING-032","1.0","cup"
"DRK-0273","ING-034","1.0","serving"
"DRK-0274","ING-003","1.0","serving"
"DRK-0274","ING-007","1.0","oz"
"DRK-0274","ING-018","1.0","pump"
"DRK-0274","ING-033","1.0","cup"
"DRK-0274","ING-034","1.0","serving"
"DRK-0275","ING-004","1.0","serving"
"DRK-0275","ING-008","1.0","oz"
"DRK-0275","ING-018","1.0","pump"
"DRK-0275","ING-033","1.0","cup"
"DRK-0275","ING-034","1.0","serving"
"DRK-0276","ING-001","3.0","shot"
"DRK-0276","ING-014","1.0","oz"
"DRK-0276","ING-019","1.0","pump"
"DRK-0276","ING-033","1.0","cup"
"DRK-0276","ING-034","1.0","serving"
"DRK-0277","ING-001","3.0","shot"
"DRK-0277","ING-007","1.0","oz"
"DRK-0277","ING-019","1.0","pump"
"DRK-0277","ING-033","1.0","cup"
"DRK-0277","ING-034","1.0","serving"
"DRK-0278","ING-001","1.0","shot"
"DRK-0278","ING-007","1.0","oz"
"DRK-0278","ING-019","1.0","pump"
"DRK-0278","ING-033","1.0","cup"
"DRK-0278","ING-036","1.0","serving"
"DRK-0278","ING-038","1.0","cup"
"DRK-0279","ING-006","1.0","serving"
"DRK-0279","ING-014","1.0","oz"
"DRK-0279","ING-023","1.0","pump"
"DRK-0279","ING-033","1.0","cup"
"DRK-0279","ING-035","1.0","serving"
"DRK-0279","ING-038","1.0","cup"
"DRK-0280","ING-005","1.0","serving"
"DRK-0280","ING-014","1.0","oz"
"DRK-0280","ING-033","1.0","cup"
"DRK-0280","ING-034","1.0","serving"
"DRK-0281","ING-001","2.0","shot"
"DRK-0281","ING-007","1.0","oz"
"DRK-0281","ING-020","1.0","pump"
"DRK-0281","ING-031","1.0","cup"
"DRK-0281","ING-035","1.0","serving"
"DRK-0281","ING-038","1.0","cup"
"DRK-0282","ING-002","1.0","serving"
"DRK-0282","ING-007","1.0","oz"
"DRK-0282","ING-020","1.0","pump"
"DRK-0282","ING-031","1.0","cup"
"DRK-0282","ING-035","1.0","serving"
"DRK-0282","ING-038","1.0","cup"
"DRK-0283","ING-001","2.0","shot"
"DRK-0283","ING-007","1.0","oz"
"DRK-0283","ING-020","1.0","pump"
"DRK-0283","ING-031","1.0","cup"
"DRK-0283","ING-035","1.0","serving"
"DRK-0283","ING-038","1.0","cup"
"DRK-0284","ING-003","1.0","serving"
"DRK-0284","ING-007","1.0","oz"
"DRK-0284","ING-020","1.0","pump"
"DRK-0284","ING-031","1.0","cup"
"DRK-0284","ING-035","1.0","serving"
"DRK-0284","ING-038","1.0","cup"
"DRK-0285","ING-004","1.0","serving"
"DRK-0285","ING-007","1.0","oz"
"DRK-0285","ING-020","1.0","pump"
"DRK-0285","ING-031","1.0","cup"
"DRK-0285","ING-035","1.0","serving"
"DRK-0285","ING-038","1.0","cup"
"DRK-0286","ING-001","2.0","shot"
"DRK-0286","ING-014","1.0","oz"
"DRK-0286","ING-021","1.0","pump"
"DRK-0286","ING-031","1.0","cup"
"DRK-0286","ING-035","1.0","serving"
"DRK-0286","ING-038","1.0","cup"
"DRK-0287","ING-001","2.0","shot"
"DRK-0287","ING-008","1.0","oz"
"DRK-0287","ING-021","1.0","pump"
"DRK-0287","ING-031","1.0","cup"
"DRK-0287","ING-035","1.0","serving"
"DRK-0287","ING-038","1.0","cup"
"DRK-0288","ING-001","1.0","shot"
"DRK-0288","ING-008","1.0","oz"
"DRK-0288","ING-021","1.0","pump"
"DRK-0288","ING-031","1.0","cup"
"DRK-0288","ING-036","1.0","serving"
"DRK-0288","ING-038","1.0","cup"
"DRK-0289","ING-006","1.0","serving"
"DRK-0289","ING-014","1.0","oz"
"DRK-0289","ING-021","1.0","pump"
"DRK-0289","ING-031","1.0","cup"
"DRK-0289","ING-035","1.0","serving"
"DRK-0289","ING-038","1.0","cup"
"DRK-0290","ING-005","1.0","serving"
"DRK-0290","ING-014","1.0","oz"
"DRK-0290","ING-021","1.0","pump"
"DRK-0290","ING-031","1.0","cup"
"DRK-0290","ING-035","1.0","serving"
"DRK-0290","ING-038","1.0","cup"
"DRK-0291","ING-001","2.0","shot"
"DRK-0291","ING-008","1.0","oz"
"DRK-0291","ING-022","1.0","pump"
"DRK-0291","ING-031","1.0","cup"
"DRK-0291","ING-036","1.0","serving"
"DRK-0291","ING-038","1.0","cup"
"DRK-0292","ING-002","1.0","serving"
"DRK-0292","ING-008","1.0","oz"
"DRK-0292","ING-022","1.0","pump"
"DRK-0292","ING-031","1.0","cup"
"DRK-0292","ING-036","1.0","serving"
"DRK-0292","ING-038","1.0","cup"
"DRK-0293","ING-001","2.0","shot"
"DRK-0293","ING-008","1.0","oz"
"DRK-0293","ING-022","1.0","pump"
"DRK-0293","ING-031","1.0","cup"
"DRK-0293","ING-036","1.0","serving"
"DRK-0293","ING-038","1.0","cup"
"DRK-0294","ING-003","1.0","serving"
"DRK-0294","ING-008","1.0","oz"
"DRK-0294","ING-022","1.0","pump"
"DRK-0294","ING-031","1.0","cup"
"DRK-0294","ING-036","1.0","serving"
"DRK-0294","ING-038","1.0","cup"
"DRK-0295","ING-004","1.0","serving"
"DRK-0295","ING-008","1.0","oz"
"DRK-0295","ING-022","1.0","pump"
"DRK-0295","ING-032","1.0","cup"
"DRK-0295","ING-036","1.0","serving"
"DRK-0295","ING-038","1.0","cup"
"DRK-0296","ING-001","2.0","shot"
"DRK-0296","ING-014","1.0","oz"
"DRK-0296","ING-023","1.0","pump"
"DRK-0296","ING-032","1.0","cup"
"DRK-0296","ING-036","1.0","serving"
"DRK-0296","ING-038","1.0","cup"
"DRK-0297","ING-001","2.0","shot"
"DRK-0297","ING-008","1.0","oz"
"DRK-0297","ING-023","1.0","pump"
"DRK-0297","ING-032","1.0","cup"
"DRK-0297","ING-034","1.0","serving"
"DRK-0298","ING-001","1.0","shot"
"DRK-0298","ING-009","1.0","oz"
"DRK-0298","ING-023","1.0","pump"
"DRK-0298","ING-032","1.0","cup"
"DRK-0298","ING-036","1.0","serving"
"DRK-0298","ING-038","1.0","cup"
"DRK-0299","ING-006","1.0","serving"
"DRK-0299","ING-014","1.0","oz"
"DRK-0299","ING-023","1.0","pump"
"DRK-0299","ING-032","1.0","cup"
"DRK-0299","ING-036","1.0","serving"
"DRK-0299","ING-038","1.0","cup"
"DRK-0300","ING-005","1.0","serving"
"DRK-0300","ING-014","1.0","oz"
"DRK-0300","ING-023","1.0","pump"
"DRK-0300","ING-032","1.0","cup"
"DRK-0300","ING-035","1.0","serving"
"DRK-0300","ING-038","1.0","cup"
"DRK-0301","ING-001","2.0","shot"
"DRK-0301","ING-009","1.0","oz"
"DRK-0301","ING-032","1.0","cup"
"DRK-0301","ING-034","1.0","serving"
"DRK-0302","ING-002","1.0","serving"
"DRK-0302","ING-009","1.0","oz"
"DRK-0302","ING-033","1.0","cup"
"DRK-0302","ING-035","1.0","serving"
"DRK-0302","ING-038","1.0","cup"
"DRK-0303","ING-001","3.0","shot"
"DRK-0303","ING-009","1.0","oz"
"DRK-0303","ING-033","1.0","cup"
"DRK-0303","ING-034","1.0","serving"
"DRK-0304","ING-003","1.0","serving"
"DRK-0304","ING-009","1.0","oz"
"DRK-0304","ING-033","1.0","cup"
"DRK-0304","ING-034","1.0","serving"
"DRK-0305","ING-004","1.0","serving"
"DRK-0305","ING-009","1.0","oz"
"DRK-0305","ING-033","1.0","cup"
"DRK-0305","ING-034","1.0","serving"
"DRK-0306","ING-001","3.0","shot"
"DRK-0306","ING-014","1.0","oz"
"DRK-0306","ING-015","1.0","pump"
"DRK-0306","ING-033","1.0","cup"
"DRK-0306","ING-034","1.0","serving"
"DRK-0307","ING-001","3.0","shot"
"DRK-0307","ING-009","1.0","oz"
"DRK-0307","ING-015","1.0","pump"
"DRK-0307","ING-033","1.0","cup"
"DRK-0307","ING-034","1.0","serving"
"DRK-0308","ING-001","1.0","shot"
"DRK-0308","ING-009","1.0","oz"
"DRK-0308","ING-015","1.0","pump"
"DRK-0308","ING-033","1.0","cup"
"DRK-0308","ING-036","1.0","serving"
"DRK-0308","ING-038","1.0","cup"
"DRK-0309","ING-006","1.0","serving"
"DRK-0309","ING-010","1.0","oz"
"DRK-0309","ING-015","1.0","pump"
"DRK-0309","ING-031","1.0","cup"
"DRK-0309","ING-035","1.0","serving"
"DRK-0309","ING-038","1.0","cup"
"DRK-0310","ING-005","1.0","serving"
"DRK-0310","ING-010","1.0","oz"
"DRK-0310","ING-015","1.0","pump"
"DRK-0310","ING-031","1.0","cup"
"DRK-0310","ING-034","1.0","serving"
"DRK-0311","ING-001","2.0","shot"
"DRK-0311","ING-010","1.0","oz"
"DRK-0311","ING-016","1.0","pump"
"DRK-0311","ING-031","1.0","cup"
"DRK-0311","ING-035","1.0","serving"
"DRK-0311","ING-038","1.0","cup"
"DRK-0312","ING-002","1.0","serving"
"DRK-0312","ING-010","1.0","oz"
"DRK-0312","ING-016","1.0","pump"
"DRK-0312","ING-031","1.0","cup"
"DRK-0312","ING-035","1.0","serving"
"DRK-0312","ING-038","1.0","cup"
"DRK-0313","ING-001","2.0","shot"
"DRK-0313","ING-010","1.0","oz"
"DRK-0313","ING-016","1.0","pump"
"DRK-0313","ING-031","1.0","cup"
"DRK-0313","ING-035","1.0","serving"
"DRK-0313","ING-038","1.0","cup"
"DRK-0314","ING-003","1.0","serving"
"DRK-0314","ING-010","1.0","oz"
"DRK-0314","ING-016","1.0","pump"
"DRK-0314","ING-031","1.0","cup"
"DRK-0314","ING-035","1.0","serving"
"DRK-0314","ING-038","1.0","cup"
"DRK-0315","ING-004","1.0","serving"
"DRK-0315","ING-010","1.0","oz"
"DRK-0315","ING-016","1.0","pump"
"DRK-0315","ING-031","1.0","cup"
"DRK-0315","ING-035","1.0","serving"
"DRK-0315","ING-038","1.0","cup"
"DRK-0316","ING-001","2.0","shot"
"DRK-0316","ING-010","1.0","oz"
"DRK-0316","ING-017","1.0","pump"
"DRK-0316","ING-031","1.0","cup"
"DRK-0316","ING-035","1.0","serving"
"DRK-0316","ING-038","1.0","cup"
"DRK-0317","ING-001","2.0","shot"
"DRK-0317","ING-010","1.0","oz"
"DRK-0317","ING-017","1.0","pump"
"DRK-0317","ING-031","1.0","cup"
"DRK-0317","ING-035","1.0","serving"
"DRK-0317","ING-038","1.0","cup"
"DRK-0318","ING-001","1.0","shot"
"DRK-0318","ING-010","1.0","oz"
"DRK-0318","ING-017","1.0","pump"
"DRK-0318","ING-031","1.0","cup"
"DRK-0318","ING-036","1.0","serving"
"DRK-0318","ING-038","1.0","cup"
"DRK-0319","ING-006","1.0","serving"
"DRK-0319","ING-010","1.0","oz"
"DRK-0319","ING-023","1.0","pump"
"DRK-0319","ING-031","1.0","cup"
"DRK-0319","ING-035","1.0","serving"
"DRK-0319","ING-038","1.0","cup"
"DRK-0320","ING-005","1.0","serving"
"DRK-0320","ING-014","1.0","oz"
"DRK-0320","ING-017","1.0","pump"
"DRK-0320","ING-031","1.0","cup"
"DRK-0320","ING-035","1.0","serving"
"DRK-0320","ING-038","1.0","cup"
"DRK-0321","ING-001","2.0","shot"
"DRK-0321","ING-011","1.0","oz"
"DRK-0321","ING-018","1.0","pump"
"DRK-0321","ING-031","1.0","cup"
"DRK-0321","ING-036","1.0","serving"
"DRK-0321","ING-038","1.0","cup"
"DRK-0322","ING-002","1.0","serving"
"DRK-0322","ING-011","1.0","oz"
"DRK-0322","ING-018","1.0","pump"
"DRK-0322","ING-031","1.0","cup"
"DRK-0322","ING-036","1.0","serving"
"DRK-0322","ING-038","1.0","cup"
"DRK-0323","ING-001","2.0","shot"
"DRK-0323","ING-011","1.0","oz"
"DRK-0323","ING-018","1.0","pump"
"DRK-0323","ING-032","1.0","cup"
"DRK-0323","ING-036","1.0","serving"
"DRK-0323","ING-038","1.0","cup"
"DRK-0324","ING-003","1.0","serving"
"DRK-0324","ING-011","1.0","oz"
"DRK-0324","ING-018","1.0","pump"
"DRK-0324","ING-032","1.0","cup"
"DRK-0324","ING-036","1.0","serving"
"DRK-0324","ING-038","1.0","cup"
"DRK-0325","ING-004","1.0","serving"
"DRK-0325","ING-011","1.0","oz"
"DRK-0325","ING-018","1.0","pump"
"DRK-0325","ING-032","1.0","cup"
"DRK-0325","ING-036","1.0","serving"
"DRK-0325","ING-038","1.0","cup"
"DRK-0326","ING-001","2.0","shot"
"DRK-0326","ING-014","1.0","oz"
"DRK-0326","ING-019","1.0","pump"
"DRK-0326","ING-032","1.0","cup"
"DRK-0326","ING-036","1.0","serving"
"DRK-0326","ING-038","1.0","cup"
"DRK-0327","ING-001","2.0","shot"
"DRK-0327","ING-011","1.0","oz"
"DRK-0327","ING-019","1.0","pump"
"DRK-0327","ING-032","1.0","cup"
"DRK-0327","ING-034","1.0","serving"
"DRK-0328","ING-001","1.0","shot"
"DRK-0328","ING-011","1.0","oz"
"DRK-0328","ING-019","1.0","pump"
"DRK-0328","ING-032","1.0","cup"
"DRK-0328","ING-036","1.0","serving"
"DRK-0328","ING-038","1.0","cup"
"DRK-0329","ING-006","1.0","serving"
"DRK-0329","ING-014","1.0","oz"
"DRK-0329","ING-023","1.0","pump"
"DRK-0329","ING-032","1.0","cup"
"DRK-0329","ING-036","1.0","serving"
"DRK-0329","ING-038","1.0","cup"
"DRK-0330","ING-005","1.0","serving"
"DRK-0330","ING-014","1.0","oz"
"DRK-0330","ING-033","1.0","cup"
"DRK-0330","ING-035","1.0","serving"
"DRK-0330","ING-038","1.0","cup"
"DRK-0331","ING-001","3.0","shot"
"DRK-0331","ING-012","1.0","oz"
"DRK-0331","ING-020","1.0","pump"
"DRK-0331","ING-033","1.0","cup"
"DRK-0331","ING-034","1.0","serving"
"DRK-0332","ING-002","1.0","serving"
"DRK-0332","ING-012","1.0","oz"
"DRK-0332","ING-020","1.0","pump"
"DRK-0332","ING-033","1.0","cup"
"DRK-0332","ING-035","1.0","serving"
"DRK-0332","ING-038","1.0","cup"
"DRK-0333","ING-001","3.0","shot"
"DRK-0333","ING-012","1.0","oz"
"DRK-0333","ING-020","1.0","pump"
"DRK-0333","ING-033","1.0","cup"
"DRK-0333","ING-034","1.0","serving"
"DRK-0334","ING-003","1.0","serving"
"DRK-0334","ING-012","1.0","oz"
"DRK-0334","ING-020","1.0","pump"
"DRK-0334","ING-033","1.0","cup"
"DRK-0334","ING-034","1.0","serving"
"DRK-0335","ING-004","1.0","serving"
"DRK-0335","ING-012","1.0","oz"
"DRK-0335","ING-020","1.0","pump"
"DRK-0335","ING-033","1.0","cup"
"DRK-0335","ING-034","1.0","serving"
"DRK-0336","ING-001","3.0","shot"
"DRK-0336","ING-014","1.0","oz"
"DRK-0336","ING-021","1.0","pump"
"DRK-0336","ING-033","1.0","cup"
"DRK-0336","ING-034","1.0","serving"
"DRK-0337","ING-001","2.0","shot"
"DRK-0337","ING-012","1.0","oz"
"DRK-0337","ING-021","1.0","pump"
"DRK-0337","ING-031","1.0","cup"
"DRK-0337","ING-034","1.0","serving"
"DRK-0338","ING-001","1.0","shot"
"DRK-0338","ING-012","1.0","oz"
"DRK-0338","ING-021","1.0","pump"
"DRK-0338","ING-031","1.0","cup"
"DRK-0338","ING-036","1.0","serving"
"DRK-0338","ING-038","1.0","cup"
"DRK-0339","ING-006","1.0","serving"
"DRK-0339","ING-014","1.0","oz"
"DRK-0339","ING-021","1.0","pump"
"DRK-0339","ING-031","1.0","cup"
"DRK-0339","ING-035","1.0","serving"
"DRK-0339","ING-038","1.0","cup"
"DRK-0340","ING-005","1.0","serving"
"DRK-0340","ING-014","1.0","oz"
"DRK-0340","ING-021","1.0","pump"
"DRK-0340","ING-031","1.0","cup"
"DRK-0340","ING-034","1.0","serving"
"DRK-0341","ING-001","2.0","shot"
"DRK-0341","ING-012","1.0","oz"
"DRK-0341","ING-022","1.0","pump"
"DRK-0341","ING-031","1.0","cup"
"DRK-0341","ING-035","1.0","serving"
"DRK-0341","ING-038","1.0","cup"
"DRK-0342","ING-002","1.0","serving"
"DRK-0342","ING-013","1.0","oz"
"DRK-0342","ING-022","1.0","pump"
"DRK-0342","ING-031","1.0","cup"
"DRK-0342","ING-035","1.0","serving"
"DRK-0342","ING-038","1.0","cup"
"DRK-0343","ING-001","2.0","shot"
"DRK-0343","ING-013","1.0","oz"
"DRK-0343","ING-022","1.0","pump"
"DRK-0343","ING-031","1.0","cup"
"DRK-0343","ING-035","1.0","serving"
"DRK-0343","ING-038","1.0","cup"
"DRK-0344","ING-003","1.0","serving"
"DRK-0344","ING-013","1.0","oz"
"DRK-0344","ING-022","1.0","pump"
"DRK-0344","ING-031","1.0","cup"
"DRK-0344","ING-035","1.0","serving"
"DRK-0344","ING-038","1.0","cup"
"DRK-0345","ING-004","1.0","serving"
"DRK-0345","ING-013","1.0","oz"
"DRK-0345","ING-022","1.0","pump"
"DRK-0345","ING-031","1.0","cup"
"DRK-0345","ING-035","1.0","serving"
"DRK-0345","ING-038","1.0","cup"
"DRK-0346","ING-001","2.0","shot"
"DRK-0346","ING-013","1.0","oz"
"DRK-0346","ING-023","1.0","pump"
"DRK-0346","ING-031","1.0","cup"
"DRK-0346","ING-035","1.0","serving"
"DRK-0346","ING-038","1.0","cup"
"DRK-0347","ING-001","2.0","shot"
"DRK-0347","ING-013","1.0","oz"
"DRK-0347","ING-023","1.0","pump"
"DRK-0347","ING-031","1.0","cup"
"DRK-0347","ING-035","1.0","serving"
"DRK-0347","ING-038","1.0","cup"
"DRK-0348","ING-001","1.0","shot"
"DRK-0348","ING-013","1.0","oz"
"DRK-0348","ING-023","1.0","pump"
"DRK-0348","ING-031","1.0","cup"
"DRK-0348","ING-036","1.0","serving"
"DRK-0348","ING-038","1.0","cup"
"DRK-0349","ING-006","1.0","serving"
"DRK-0349","ING-013","1.0","oz"
"DRK-0349","ING-023","1.0","pump"
"DRK-0349","ING-031","1.0","cup"
"DRK-0349","ING-035","1.0","serving"
"DRK-0349","ING-038","1.0","cup"
"DRK-0350","ING-005","1.0","serving"
"DRK-0350","ING-013","1.0","oz"
"DRK-0350","ING-023","1.0","pump"
"DRK-0350","ING-031","1.0","cup"
"DRK-0350","ING-035","1.0","serving"
"DRK-0350","ING-038","1.0","cup"
"DRK-0351","ING-001","2.0","shot"
"DRK-0351","ING-013","1.0","oz"
"DRK-0351","ING-032","1.0","cup"
"DRK-0351","ING-036","1.0","serving"
"DRK-0351","ING-038","1.0","cup"
"DRK-0352","ING-002","1.0","serving"
"DRK-0352","ING-013","1.0","oz"
"DRK-0352","ING-032","1.0","cup"
"DRK-0352","ING-036","1.0","serving"
"DRK-0352","ING-038","1.0","cup"
"DRK-0353","ING-001","2.0","shot"
"DRK-0353","ING-009","1.0","oz"
"DRK-0353","ING-032","1.0","cup"
"DRK-0353","ING-036","1.0","serving"
"DRK-0353","ING-038","1.0","cup"
"DRK-0354","ING-003","1.0","serving"
"DRK-0354","ING-010","1.0","oz"
"DRK-0354","ING-032","1.0","cup"
"DRK-0354","ING-036","1.0","serving"
"DRK-0354","ING-038","1.0","cup"
"DRK-0355","ING-004","1.0","serving"
"DRK-0355","ING-011","1.0","oz"
"DRK-0355","ING-032","1.0","cup"
"DRK-0355","ING-036","1.0","serving"
"DRK-0355","ING-038","1.0","cup"
"DRK-0356","ING-001","2.0","shot"
"DRK-0356","ING-014","1.0","oz"
"DRK-0356","ING-015","1.0","pump"
"DRK-0356","ING-032","1.0","cup"
"DRK-0356","ING-036","1.0","serving"
"DRK-0356","ING-038","1.0","cup"
"DRK-0357","ING-001","2.0","shot"
"DRK-0357","ING-013","1.0","oz"
"DRK-0357","ING-015","1.0","pump"
"DRK-0357","ING-032","1.0","cup"
"DRK-0357","ING-034","1.0","serving"
"DRK-0358","ING-001","1.0","shot"
"DRK-0358","ING-007","1.0","oz"
"DRK-0358","ING-015","1.0","pump"
"DRK-0358","ING-033","1.0","cup"
"DRK-0358","ING-036","1.0","serving"
"DRK-0358","ING-038","1.0","cup"
"DRK-0359","ING-006","1.0","serving"
"DRK-0359","ING-014","1.0","oz"
"DRK-0359","ING-015","1.0","pump"
"DRK-0359","ING-033","1.0","cup"
"DRK-0359","ING-036","1.0","serving"
"DRK-0359","ING-038","1.0","cup"
"DRK-0360","ING-005","1.0","serving"
"DRK-0360","ING-014","1.0","oz"
"DRK-0360","ING-015","1.0","pump"
"DRK-0360","ING-033","1.0","cup"
"DRK-0360","ING-035","1.0","serving"
"DRK-0360","ING-038","1.0","cup"
"DRK-0361","ING-001","3.0","shot"
"DRK-0361","ING-010","1.0","oz"
"DRK-0361","ING-016","1.0","pump"
"DRK-0361","ING-033","1.0","cup"
"DRK-0361","ING-034","1.0","serving"
"DRK-0362","ING-002","1.0","serving"
"DRK-0362","ING-014","1.0","oz"
"DRK-0362","ING-016","1.0","pump"
"DRK-0362","ING-033","1.0","cup"
"DRK-0362","ING-035","1.0","serving"
"DRK-0362","ING-038","1.0","cup"
"DRK-0363","ING-001","3.0","shot"
"DRK-0363","ING-012","1.0","oz"
"DRK-0363","ING-016","1.0","pump"
"DRK-0363","ING-033","1.0","cup"
"DRK-0363","ING-034","1.0","serving"
"DRK-0364","ING-003","1.0","serving"
"DRK-0364","ING-007","1.0","oz"
"DRK-0364","ING-016","1.0","pump"
"DRK-0364","ING-033","1.0","cup"
"DRK-0364","ING-034","1.0","serving"
"DRK-0365","ING-004","1.0","serving"
"DRK-0365","ING-007","1.0","oz"
"DRK-0365","ING-016","1.0","pump"
"DRK-0365","ING-031","1.0","cup"
"DRK-0365","ING-034","1.0","serving"
"DRK-0366","ING-001","2.0","shot"
"DRK-0366","ING-014","1.0","oz"
"DRK-0366","ING-017","1.0","pump"
"DRK-0366","ING-031","1.0","cup"
"DRK-0366","ING-034","1.0","serving"
"DRK-0367","ING-001","2.0","shot"
"DRK-0367","ING-007","1.0","oz"
"DRK-0367","ING-017","1.0","pump"
"DRK-0367","ING-031","1.0","cup"
"DRK-0367","ING-034","1.0","serving"
"DRK-0368","ING-001","1.0","shot"
"DRK-0368","ING-007","1.0","oz"
"DRK-0368","ING-017","1.0","pump"
"DRK-0368","ING-031","1.0","cup"
"DRK-0368","ING-036","1.0","serving"
"DRK-0368","ING-038","1.0","cup"
"DRK-0369","ING-006","1.0","serving"
"DRK-0369","ING-014","1.0","oz"
"DRK-0369","ING-023","1.0","pump"
"DRK-0369","ING-031","1.0","cup"
"DRK-0369","ING-035","1.0","serving"
"DRK-0369","ING-038","1.0","cup"
"DRK-0370","ING-005","1.0","serving"
"DRK-0370","ING-014","1.0","oz"
"DRK-0370","ING-017","1.0","pump"
"DRK-0370","ING-031","1.0","cup"
"DRK-0370","ING-034","1.0","serving"
"DRK-0371","ING-001","2.0","shot"
"DRK-0371","ING-007","1.0","oz"
"DRK-0371","ING-018","1.0","pump"
"DRK-0371","ING-031","1.0","cup"
"DRK-0371","ING-035","1.0","serving"
"DRK-0371","ING-038","1.0","cup"
"DRK-0372","ING-002","1.0","serving"
"DRK-0372","ING-007","1.0","oz"
"DRK-0372","ING-018","1.0","pump"
"DRK-0372","ING-031","1.0","cup"
"DRK-0372","ING-035","1.0","serving"
"DRK-0372","ING-038","1.0","cup"
"DRK-0373","ING-001","2.0","shot"
"DRK-0373","ING-007","1.0","oz"
"DRK-0373","ING-018","1.0","pump"
"DRK-0373","ING-031","1.0","cup"
"DRK-0373","ING-035","1.0","serving"
"DRK-0373","ING-038","1.0","cup"
"DRK-0374","ING-003","1.0","serving"
"DRK-0374","ING-007","1.0","oz"
"DRK-0374","ING-018","1.0","pump"
"DRK-0374","ING-031","1.0","cup"
"DRK-0374","ING-035","1.0","serving"
"DRK-0374","ING-038","1.0","cup"
"DRK-0375","ING-004","1.0","serving"
"DRK-0375","ING-008","1.0","oz"
"DRK-0375","ING-018","1.0","pump"
"DRK-0375","ING-031","1.0","cup"
"DRK-0375","ING-035","1.0","serving"
"DRK-0375","ING-038","1.0","cup"
"DRK-0376","ING-001","2.0","shot"
"DRK-0376","ING-014","1.0","oz"
"DRK-0376","ING-019","1.0","pump"
"DRK-0376","ING-031","1.0","cup"
"DRK-0376","ING-035","1.0","serving"
"DRK-0376","ING-038","1.0","cup"
"DRK-0377","ING-001","2.0","shot"
"DRK-0377","ING-008","1.0","oz"
"DRK-0377","ING-019","1.0","pump"
"DRK-0377","ING-031","1.0","cup"
"DRK-0377","ING-035","1.0","serving"
"DRK-0377","ING-038","1.0","cup"
"DRK-0378","ING-001","1.0","shot"
"DRK-0378","ING-008","1.0","oz"
"DRK-0378","ING-019","1.0","pump"
"DRK-0378","ING-031","1.0","cup"
"DRK-0378","ING-036","1.0","serving"
"DRK-0378","ING-038","1.0","cup"
"DRK-0379","ING-006","1.0","serving"
"DRK-0379","ING-014","1.0","oz"
"DRK-0379","ING-023","1.0","pump"
"DRK-0379","ING-032","1.0","cup"
"DRK-0379","ING-035","1.0","serving"
"DRK-0379","ING-038","1.0","cup"
"DRK-0380","ING-005","1.0","serving"
"DRK-0380","ING-014","1.0","oz"
"DRK-0380","ING-032","1.0","cup"
"DRK-0380","ING-035","1.0","serving"
"DRK-0380","ING-038","1.0","cup"
"DRK-0381","ING-001","2.0","shot"
"DRK-0381","ING-008","1.0","oz"
"DRK-0381","ING-020","1.0","pump"
"DRK-0381","ING-032","1.0","cup"
"DRK-0381","ING-036","1.0","serving"
"DRK-0381","ING-038","1.0","cup"
"DRK-0382","ING-002","1.0","serving"
"DRK-0382","ING-008","1.0","oz"
"DRK-0382","ING-020","1.0","pump"
"DRK-0382","ING-032","1.0","cup"
"DRK-0382","ING-036","1.0","serving"
"DRK-0382","ING-038","1.0","cup"
"DRK-0383","ING-001","2.0","shot"
"DRK-0383","ING-008","1.0","oz"
"DRK-0383","ING-020","1.0","pump"
"DRK-0383","ING-032","1.0","cup"
"DRK-0383","ING-036","1.0","serving"
"DRK-0383","ING-038","1.0","cup"
"DRK-0384","ING-003","1.0","serving"
"DRK-0384","ING-008","1.0","oz"
"DRK-0384","ING-020","1.0","pump"
"DRK-0384","ING-032","1.0","cup"
"DRK-0384","ING-036","1.0","serving"
"DRK-0384","ING-038","1.0","cup"
"DRK-0385","ING-004","1.0","serving"
"DRK-0385","ING-008","1.0","oz"
"DRK-0385","ING-020","1.0","pump"
"DRK-0385","ING-032","1.0","cup"
"DRK-0385","ING-036","1.0","serving"
"DRK-0385","ING-038","1.0","cup"
"DRK-0386","ING-001","3.0","shot"
"DRK-0386","ING-014","1.0","oz"
"DRK-0386","ING-021","1.0","pump"
"DRK-0386","ING-033","1.0","cup"
"DRK-0386","ING-036","1.0","serving"
"DRK-0386","ING-038","1.0","cup"
"DRK-0387","ING-001","3.0","shot"
"DRK-0387","ING-009","1.0","oz"
"DRK-0387","ING-021","1.0","pump"
"DRK-0387","ING-033","1.0","cup"
"DRK-0387","ING-034","1.0","serving"
"DRK-0388","ING-001","1.0","shot"
"DRK-0388","ING-009","1.0","oz"
"DRK-0388","ING-021","1.0","pump"
"DRK-0388","ING-033","1.0","cup"
"DRK-0388","ING-036","1.0","serving"
"DRK-0388","ING-038","1.0","cup"
"DRK-0389","ING-006","1.0","serving"
"DRK-0389","ING-014","1.0","oz"
"DRK-0389","ING-021","1.0","pump"
"DRK-0389","ING-033","1.0","cup"
"DRK-0389","ING-036","1.0","serving"
"DRK-0389","ING-038","1.0","cup"
"DRK-0390","ING-005","1.0","serving"
"DRK-0390","ING-014","1.0","oz"
"DRK-0390","ING-021","1.0","pump"
"DRK-0390","ING-033","1.0","cup"
"DRK-0390","ING-035","1.0","serving"
"DRK-0390","ING-038","1.0","cup"
"DRK-0391","ING-001","3.0","shot"
"DRK-0391","ING-009","1.0","oz"
"DRK-0391","ING-022","1.0","pump"
"DRK-0391","ING-033","1.0","cup"
"DRK-0391","ING-034","1.0","serving"
"DRK-0392","ING-002","1.0","serving"
"DRK-0392","ING-009","1.0","oz"
"DRK-0392","ING-022","1.0","pump"
"DRK-0392","ING-033","1.0","cup"
"DRK-0392","ING-035","1.0","serving"
"DRK-0392","ING-038","1.0","cup"
"DRK-0393","ING-001","2.0","shot"
"DRK-0393","ING-009","1.0","oz"
"DRK-0393","ING-022","1.0","pump"
"DRK-0393","ING-031","1.0","cup"
"DRK-0393","ING-034","1.0","serving"
"DRK-0394","ING-003","1.0","serving"
"DRK-0394","ING-009","1.0","oz"
"DRK-0394","ING-022","1.0","pump"
"DRK-0394","ING-031","1.0","cup"
"DRK-0394","ING-034","1.0","serving"
"DRK-0395","ING-004","1.0","serving"
"DRK-0395","ING-009","1.0","oz"
"DRK-0395","ING-022","1.0","pump"
"DRK-0395","ING-031","1.0","cup"
"DRK-0395","ING-034","1.0","serving"
"DRK-0396","ING-001","2.0","shot"
"DRK-0396","ING-014","1.0","oz"
"DRK-0396","ING-023","1.0","pump"
"DRK-0396","ING-031","1.0","cup"
"DRK-0396","ING-034","1.0","serving"
"DRK-0397","ING-001","2.0","shot"
"DRK-0397","ING-010","1.0","oz"
"DRK-0397","ING-023","1.0","pump"
"DRK-0397","ING-031","1.0","cup"
"DRK-0397","ING-034","1.0","serving"
"DRK-0398","ING-001","1.0","shot"
"DRK-0398","ING-010","1.0","oz"
"DRK-0398","ING-023","1.0","pump"
"DRK-0398","ING-031","1.0","cup"
"DRK-0398","ING-036","1.0","serving"
"DRK-0398","ING-038","1.0","cup"
"DRK-0399","ING-006","1.0","serving"
"DRK-0399","ING-010","1.0","oz"
"DRK-0399","ING-023","1.0","pump"
"DRK-0399","ING-031","1.0","cup"
"DRK-0399","ING-035","1.0","serving"
"DRK-0399","ING-038","1.0","cup"
"DRK-0400","ING-005","1.0","serving"
"DRK-0400","ING-010","1.0","oz"
"DRK-0400","ING-023","1.0","pump"
"DRK-0400","ING-031","1.0","cup"
"DRK-0400","ING-034","1.0","serving"
"DRK-0401","ING-001","2.0","shot"
"DRK-0401","ING-010","1.0","oz"
"DRK-0401","ING-031","1.0","cup"
"DRK-0401","ING-035","1.0","serving"
"DRK-0401","ING-038","1.0","cup"
"DRK-0402","ING-002","1.0","serving"
"DRK-0402","ING-010","1.0","oz"
"DRK-0402","ING-031","1.0","cup"
"DRK-0402","ING-035","1.0","serving"
"DRK-0402","ING-038","1.0","cup"
"DRK-0403","ING-001","2.0","shot"
"DRK-0403","ING-010","1.0","oz"
"DRK-0403","ING-031","1.0","cup"
"DRK-0403","ING-035","1.0","serving"
"DRK-0403","ING-038","1.0","cup"
"DRK-0404","ING-003","1.0","serving"
"DRK-0404","ING-010","1.0","oz"
"DRK-0404","ING-031","1.0","cup"
"DRK-0404","ING-035","1.0","serving"
"DRK-0404","ING-038","1.0","cup"
"DRK-0405","ING-004","1.0","serving"
"DRK-0405","ING-010","1.0","oz"
"DRK-0405","ING-031","1.0","cup"
"DRK-0405","ING-035","1.0","serving"
"DRK-0405","ING-038","1.0","cup"
"DRK-0406","ING-001","2.0","shot"
"DRK-0406","ING-010","1.0","oz"
"DRK-0406","ING-015","1.0","pump"
"DRK-0406","ING-031","1.0","cup"
"DRK-0406","ING-035","1.0","serving"
"DRK-0406","ING-038","1.0","cup"
"DRK-0407","ING-001","2.0","shot"
"DRK-0407","ING-010","1.0","oz"
"DRK-0407","ING-015","1.0","pump"
"DRK-0407","ING-032","1.0","cup"
"DRK-0407","ING-035","1.0","serving"
"DRK-0407","ING-038","1.0","cup"
"DRK-0408","ING-001","1.0","shot"
"DRK-0408","ING-011","1.0","oz"
"DRK-0408","ING-015","1.0","pump"
"DRK-0408","ING-032","1.0","cup"
"DRK-0408","ING-036","1.0","serving"
"DRK-0408","ING-038","1.0","cup"
"DRK-0409","ING-006","1.0","serving"
"DRK-0409","ING-014","1.0","oz"
"DRK-0409","ING-015","1.0","pump"
"DRK-0409","ING-032","1.0","cup"
"DRK-0409","ING-035","1.0","serving"
"DRK-0409","ING-038","1.0","cup"
"DRK-0410","ING-005","1.0","serving"
"DRK-0410","ING-014","1.0","oz"
"DRK-0410","ING-015","1.0","pump"
"DRK-0410","ING-032","1.0","cup"
"DRK-0410","ING-035","1.0","serving"
"DRK-0410","ING-038","1.0","cup"
"DRK-0411","ING-001","2.0","shot"
"DRK-0411","ING-011","1.0","oz"
"DRK-0411","ING-016","1.0","pump"
"DRK-0411","ING-032","1.0","cup"
"DRK-0411","ING-036","1.0","serving"
"DRK-0411","ING-038","1.0","cup"
"DRK-0412","ING-002","1.0","serving"
"DRK-0412","ING-011","1.0","oz"
"DRK-0412","ING-016","1.0","pump"
"DRK-0412","ING-032","1.0","cup"
"DRK-0412","ING-036","1.0","serving"
"DRK-0412","ING-038","1.0","cup"
"DRK-0413","ING-001","2.0","shot"
"DRK-0413","ING-011","1.0","oz"
"DRK-0413","ING-016","1.0","pump"
"DRK-0413","ING-032","1.0","cup"
"DRK-0413","ING-036","1.0","serving"
"DRK-0413","ING-038","1.0","cup"
"DRK-0414","ING-003","1.0","serving"
"DRK-0414","ING-011","1.0","oz"
"DRK-0414","ING-016","1.0","pump"
"DRK-0414","ING-033","1.0","cup"
"DRK-0414","ING-036","1.0","serving"
"DRK-0414","ING-038","1.0","cup"
"DRK-0415","ING-004","1.0","serving"
"DRK-0415","ING-011","1.0","oz"
"DRK-0415","ING-016","1.0","pump"
"DRK-0415","ING-033","1.0","cup"
"DRK-0415","ING-036","1.0","serving"
"DRK-0415","ING-038","1.0","cup"
"DRK-0416","ING-001","3.0","shot"
"DRK-0416","ING-014","1.0","oz"
"DRK-0416","ING-017","1.0","pump"
"DRK-0416","ING-033","1.0","cup"
"DRK-0416","ING-036","1.0","serving"
"DRK-0416","ING-038","1.0","cup"
"DRK-0417","ING-001","3.0","shot"
"DRK-0417","ING-011","1.0","oz"
"DRK-0417","ING-017","1.0","pump"
"DRK-0417","ING-033","1.0","cup"
"DRK-0417","ING-034","1.0","serving"
"DRK-0418","ING-001","1.0","shot"
"DRK-0418","ING-011","1.0","oz"
"DRK-0418","ING-017","1.0","pump"
"DRK-0418","ING-033","1.0","cup"
"DRK-0418","ING-036","1.0","serving"
"DRK-0418","ING-038","1.0","cup"
"DRK-0419","ING-006","1.0","serving"
"DRK-0419","ING-014","1.0","oz"
"DRK-0419","ING-023","1.0","pump"
"DRK-0419","ING-033","1.0","cup"
"DRK-0419","ING-036","1.0","serving"
"DRK-0419","ING-038","1.0","cup"
"DRK-0420","ING-005","1.0","serving"
"DRK-0420","ING-014","1.0","oz"
"DRK-0420","ING-017","1.0","pump"
"DRK-0420","ING-033","1.0","cup"
"DRK-0420","ING-035","1.0","serving"
"DRK-0420","ING-038","1.0","cup"
"DRK-0421","ING-001","2.0","shot"
"DRK-0421","ING-012","1.0","oz"
"DRK-0421","ING-018","1.0","pump"
"DRK-0421","ING-031","1.0","cup"
"DRK-0421","ING-034","1.0","serving"
"DRK-0422","ING-002","1.0","serving"
"DRK-0422","ING-012","1.0","oz"
"DRK-0422","ING-018","1.0","pump"
"DRK-0422","ING-031","1.0","cup"
"DRK-0422","ING-035","1.0","serving"
"DRK-0422","ING-038","1.0","cup"
"DRK-0423","ING-001","2.0","shot"
"DRK-0423","ING-012","1.0","oz"
"DRK-0423","ING-018","1.0","pump"
"DRK-0423","ING-031","1.0","cup"
"DRK-0423","ING-034","1.0","serving"
"DRK-0424","ING-003","1.0","serving"
"DRK-0424","ING-012","1.0","oz"
"DRK-0424","ING-018","1.0","pump"
"DRK-0424","ING-031","1.0","cup"
"DRK-0424","ING-034","1.0","serving"
"DRK-0425","ING-004","1.0","serving"
"DRK-0425","ING-012","1.0","oz"
"DRK-0425","ING-018","1.0","pump"
"DRK-0425","ING-031","1.0","cup"
"DRK-0425","ING-034","1.0","serving"
"DRK-0426","ING-001","2.0","shot"
"DRK-0426","ING-014","1.0","oz"
"DRK-0426","ING-019","1.0","pump"
"DRK-0426","ING-031","1.0","cup"
"DRK-0426","ING-034","1.0","serving"
"DRK-0427","ING-001","2.0","shot"
"DRK-0427","ING-012","1.0","oz"
"DRK-0427","ING-019","1.0","pump"
"DRK-0427","ING-031","1.0","cup"
"DRK-0427","ING-034","1.0","serving"
"DRK-0428","ING-001","1.0","shot"
"DRK-0428","ING-012","1.0","oz"
"DRK-0428","ING-019","1.0","pump"
"DRK-0428","ING-031","1.0","cup"
"DRK-0428","ING-036","1.0","serving"
"DRK-0428","ING-038","1.0","cup"
"DRK-0429","ING-006","1.0","serving"
"DRK-0429","ING-014","1.0","oz"
"DRK-0429","ING-023","1.0","pump"
"DRK-0429","ING-031","1.0","cup"
"DRK-0429","ING-035","1.0","serving"
"DRK-0429","ING-038","1.0","cup"
"DRK-0430","ING-005","1.0","serving"
"DRK-0430","ING-013","1.0","oz"
"DRK-0430","ING-031","1.0","cup"
"DRK-0430","ING-034","1.0","serving"
"DRK-0431","ING-001","2.0","shot"
"DRK-0431","ING-013","1.0","oz"
"DRK-0431","ING-020","1.0","pump"
"DRK-0431","ING-031","1.0","cup"
"DRK-0431","ING-035","1.0","serving"
"DRK-0431","ING-038","1.0","cup"
"DRK-0432","ING-002","1.0","serving"
"DRK-0432","ING-013","1.0","oz"
"DRK-0432","ING-020","1.0","pump"
"DRK-0432","ING-031","1.0","cup"
"DRK-0432","ING-035","1.0","serving"
"DRK-0432","ING-038","1.0","cup"
"DRK-0433","ING-001","2.0","shot"
"DRK-0433","ING-013","1.0","oz"
"DRK-0433","ING-020","1.0","pump"
"DRK-0433","ING-031","1.0","cup"
"DRK-0433","ING-035","1.0","serving"
"DRK-0433","ING-038","1.0","cup"
"DRK-0434","ING-003","1.0","serving"
"DRK-0434","ING-013","1.0","oz"
"DRK-0434","ING-020","1.0","pump"
"DRK-0434","ING-031","1.0","cup"
"DRK-0434","ING-035","1.0","serving"
"DRK-0434","ING-038","1.0","cup"
"DRK-0435","ING-004","1.0","serving"
"DRK-0435","ING-013","1.0","oz"
"DRK-0435","ING-020","1.0","pump"
"DRK-0435","ING-032","1.0","cup"
"DRK-0435","ING-035","1.0","serving"
"DRK-0435","ING-038","1.0","cup"
"DRK-0436","ING-001","2.0","shot"
"DRK-0436","ING-013","1.0","oz"
"DRK-0436","ING-021","1.0","pump"
"DRK-0436","ING-032","1.0","cup"
"DRK-0436","ING-035","1.0","serving"
"DRK-0436","ING-038","1.0","cup"
"DRK-0437","ING-001","2.0","shot"
"DRK-0437","ING-013","1.0","oz"
"DRK-0437","ING-021","1.0","pump"
"DRK-0437","ING-032","1.0","cup"
"DRK-0437","ING-035","1.0","serving"
"DRK-0437","ING-038","1.0","cup"
"DRK-0438","ING-001","1.0","shot"
"DRK-0438","ING-013","1.0","oz"
"DRK-0438","ING-021","1.0","pump"
"DRK-0438","ING-032","1.0","cup"
"DRK-0438","ING-036","1.0","serving"
"DRK-0438","ING-038","1.0","cup"
"DRK-0439","ING-006","1.0","serving"
"DRK-0439","ING-013","1.0","oz"
"DRK-0439","ING-021","1.0","pump"
"DRK-0439","ING-032","1.0","cup"
"DRK-0439","ING-035","1.0","serving"
"DRK-0439","ING-038","1.0","cup"
"DRK-0440","ING-005","1.0","serving"
"DRK-0440","ING-013","1.0","oz"
"DRK-0440","ING-021","1.0","pump"
"DRK-0440","ING-032","1.0","cup"
"DRK-0440","ING-035","1.0","serving"
"DRK-0440","ING-038","1.0","cup"
"DRK-0441","ING-001","2.0","shot"
"DRK-0441","ING-013","1.0","oz"
"DRK-0441","ING-022","1.0","pump"
"DRK-0441","ING-032","1.0","cup"
"DRK-0441","ING-036","1.0","serving"
"DRK-0441","ING-038","1.0","cup"
"DRK-0442","ING-002","1.0","serving"
"DRK-0442","ING-014","1.0","oz"
"DRK-0442","ING-022","1.0","pump"
"DRK-0442","ING-033","1.0","cup"
"DRK-0442","ING-036","1.0","serving"
"DRK-0442","ING-038","1.0","cup"
"DRK-0443","ING-001","3.0","shot"
"DRK-0443","ING-008","1.0","oz"
"DRK-0443","ING-022","1.0","pump"
"DRK-0443","ING-033","1.0","cup"
"DRK-0443","ING-036","1.0","serving"
"DRK-0443","ING-038","1.0","cup"
"DRK-0444","ING-003","1.0","serving"
"DRK-0444","ING-009","1.0","oz"
"DRK-0444","ING-022","1.0","pump"
"DRK-0444","ING-033","1.0","cup"
"DRK-0444","ING-036","1.0","serving"
"DRK-0444","ING-038","1.0","cup"
"DRK-0445","ING-004","1.0","serving"
"DRK-0445","ING-010","1.0","oz"
"DRK-0445","ING-022","1.0","pump"
"DRK-0445","ING-033","1.0","cup"
"DRK-0445","ING-036","1.0","serving"
"DRK-0445","ING-038","1.0","cup"
"DRK-0446","ING-001","3.0","shot"
"DRK-0446","ING-014","1.0","oz"
"DRK-0446","ING-023","1.0","pump"
"DRK-0446","ING-033","1.0","cup"
"DRK-0446","ING-036","1.0","serving"
"DRK-0446","ING-038","1.0","cup"
"DRK-0447","ING-001","3.0","shot"
"DRK-0447","ING-012","1.0","oz"
"DRK-0447","ING-023","1.0","pump"
"DRK-0447","ING-033","1.0","cup"
"DRK-0447","ING-034","1.0","serving"
"DRK-0448","ING-001","1.0","shot"
"DRK-0448","ING-013","1.0","oz"
"DRK-0448","ING-023","1.0","pump"
"DRK-0448","ING-033","1.0","cup"
"DRK-0448","ING-036","1.0","serving"
"DRK-0448","ING-038","1.0","cup"
"DRK-0449","ING-006","1.0","serving"
"DRK-0449","ING-014","1.0","oz"
"DRK-0449","ING-023","1.0","pump"
"DRK-0449","ING-031","1.0","cup"
"DRK-0449","ING-036","1.0","serving"
"DRK-0449","ING-038","1.0","cup"
"DRK-0450","ING-005","1.0","serving"
"DRK-0450","ING-014","1.0","oz"
"DRK-0450","ING-023","1.0","pump"
"DRK-0450","ING-031","1.0","cup"
"DRK-0450","ING-035","1.0","serving"
"DRK-0450","ING-038","1.0","cup"
"DRK-0451","ING-001","2.0","shot"
"DRK-0451","ING-009","1.0","oz"
"DRK-0451","ING-031","1.0","cup"
"DRK-0451","ING-034","1.0","serving"
"DRK-0452","ING-002","1.0","serving"
"DRK-0452","ING-007","1.0","oz"
"DRK-0452","ING-031","1.0","cup"
"DRK-0452","ING-035","1.0","serving"
"DRK-0452","ING-038","1.0","cup"
"DRK-0453","ING-001","2.0","shot"
"DRK-0453","ING-007","1.0","oz"
"DRK-0453","ING-031","1.0","cup"
"DRK-0453","ING-034","1.0","serving"
"DRK-0454","ING-003","1.0","serving"
"DRK-0454","ING-007","1.0","oz"
"DRK-0454","ING-031","1.0","cup"
"DRK-0454","ING-034","1.0","serving"
"DRK-0455","ING-004","1.0","serving"
"DRK-0455","ING-007","1.0","oz"
"DRK-0455","ING-031","1.0","cup"
"DRK-0455","ING-034","1.0","serving"
"DRK-0456","ING-001","2.0","shot"
"DRK-0456","ING-014","1.0","oz"
"DRK-0456","ING-015","1.0","pump"
"DRK-0456","ING-031","1.0","cup"
"DRK-0456","ING-034","1.0","serving"
"DRK-0457","ING-001","2.0","shot"
"DRK-0457","ING-007","1.0","oz"
"DRK-0457","ING-015","1.0","pump"
"DRK-0457","ING-031","1.0","cup"
"DRK-0457","ING-034","1.0","serving"
"DRK-0458","ING-001","1.0","shot"
"DRK-0458","ING-007","1.0","oz"
"DRK-0458","ING-015","1.0","pump"
"DRK-0458","ING-031","1.0","cup"
"DRK-0458","ING-036","1.0","serving"
"DRK-0458","ING-038","1.0","cup"
"DRK-0459","ING-006","1.0","serving"
"DRK-0459","ING-014","1.0","oz"
"DRK-0459","ING-015","1.0","pump"
"DRK-0459","ING-031","1.0","cup"
"DRK-0459","ING-035","1.0","serving"
"DRK-0459","ING-038","1.0","cup"
"DRK-0460","ING-005","1.0","serving"
"DRK-0460","ING-014","1.0","oz"
"DRK-0460","ING-015","1.0","pump"
"DRK-0460","ING-031","1.0","cup"
"DRK-0460","ING-034","1.0","serving"
"DRK-0461","ING-001","2.0","shot"
"DRK-0461","ING-007","1.0","oz"
"DRK-0461","ING-016","1.0","pump"
"DRK-0461","ING-031","1.0","cup"
"DRK-0461","ING-035","1.0","serving"
"DRK-0461","ING-038","1.0","cup"
"DRK-0462","ING-002","1.0","serving"
"DRK-0462","ING-007","1.0","oz"
"DRK-0462","ING-016","1.0","pump"
"DRK-0462","ING-031","1.0","cup"
"DRK-0462","ING-035","1.0","serving"
"DRK-0462","ING-038","1.0","cup"
"DRK-0463","ING-001","2.0","shot"
"DRK-0463","ING-008","1.0","oz"
"DRK-0463","ING-016","1.0","pump"
"DRK-0463","ING-032","1.0","cup"
"DRK-0463","ING-035","1.0","serving"
"DRK-0463","ING-038","1.0","cup"
"DRK-0464","ING-003","1.0","serving"
"DRK-0464","ING-008","1.0","oz"
"DRK-0464","ING-016","1.0","pump"
"DRK-0464","ING-032","1.0","cup"
"DRK-0464","ING-035","1.0","serving"
"DRK-0464","ING-038","1.0","cup"
"DRK-0465","ING-004","1.0","serving"
"DRK-0465","ING-008","1.0","oz"
"DRK-0465","ING-016","1.0","pump"
"DRK-0465","ING-032","1.0","cup"
"DRK-0465","ING-035","1.0","serving"
"DRK-0465","ING-038","1.0","cup"
"DRK-0466","ING-001","2.0","shot"
"DRK-0466","ING-014","1.0","oz"
"DRK-0466","ING-017","1.0","pump"
"DRK-0466","ING-032","1.0","cup"
"DRK-0466","ING-035","1.0","serving"
"DRK-0466","ING-038","1.0","cup"
"DRK-0467","ING-001","2.0","shot"
"DRK-0467","ING-008","1.0","oz"
"DRK-0467","ING-017","1.0","pump"
"DRK-0467","ING-032","1.0","cup"
"DRK-0467","ING-035","1.0","serving"
"DRK-0467","ING-038","1.0","cup"
"DRK-0468","ING-001","1.0","shot"
"DRK-0468","ING-008","1.0","oz"
"DRK-0468","ING-017","1.0","pump"
"DRK-0468","ING-032","1.0","cup"
"DRK-0468","ING-036","1.0","serving"
"DRK-0468","ING-038","1.0","cup"
"DRK-0469","ING-006","1.0","serving"
"DRK-0469","ING-014","1.0","oz"
"DRK-0469","ING-023","1.0","pump"
"DRK-0469","ING-032","1.0","cup"
"DRK-0469","ING-035","1.0","serving"
"DRK-0469","ING-038","1.0","cup"
"DRK-0470","ING-005","1.0","serving"
"DRK-0470","ING-014","1.0","oz"
"DRK-0470","ING-017","1.0","pump"
"DRK-0470","ING-033","1.0","cup"
"DRK-0470","ING-035","1.0","serving"
"DRK-0470","ING-038","1.0","cup"
"DRK-0471","ING-001","3.0","shot"
"DRK-0471","ING-008","1.0","oz"
"DRK-0471","ING-018","1.0","pump"
"DRK-0471","ING-033","1.0","cup"
"DRK-0471","ING-036","1.0","serving"
"DRK-0471","ING-038","1.0","cup"
"DRK-0472","ING-002","1.0","serving"
"DRK-0472","ING-008","1.0","oz"
"DRK-0472","ING-018","1.0","pump"
"DRK-0472","ING-033","1.0","cup"
"DRK-0472","ING-036","1.0","serving"
"DRK-0472","ING-038","1.0","cup"
"DRK-0473","ING-001","3.0","shot"
"DRK-0473","ING-008","1.0","oz"
"DRK-0473","ING-018","1.0","pump"
"DRK-0473","ING-033","1.0","cup"
"DRK-0473","ING-036","1.0","serving"
"DRK-0473","ING-038","1.0","cup"
"DRK-0474","ING-003","1.0","serving"
"DRK-0474","ING-009","1.0","oz"
"DRK-0474","ING-018","1.0","pump"
"DRK-0474","ING-033","1.0","cup"
"DRK-0474","ING-036","1.0","serving"
"DRK-0474","ING-038","1.0","cup"
"DRK-0475","ING-004","1.0","serving"
"DRK-0475","ING-009","1.0","oz"
"DRK-0475","ING-018","1.0","pump"
"DRK-0475","ING-033","1.0","cup"
"DRK-0475","ING-036","1.0","serving"
"DRK-0475","ING-038","1.0","cup"
"DRK-0476","ING-001","3.0","shot"
"DRK-0476","ING-014","1.0","oz"
"DRK-0476","ING-019","1.0","pump"
"DRK-0476","ING-033","1.0","cup"
"DRK-0476","ING-036","1.0","serving"
"DRK-0476","ING-038","1.0","cup"
"DRK-0477","ING-001","2.0","shot"
"DRK-0477","ING-009","1.0","oz"
"DRK-0477","ING-019","1.0","pump"
"DRK-0477","ING-031","1.0","cup"
"DRK-0477","ING-034","1.0","serving"
"DRK-0478","ING-001","1.0","shot"
"DRK-0478","ING-009","1.0","oz"
"DRK-0478","ING-019","1.0","pump"
"DRK-0478","ING-031","1.0","cup"
"DRK-0478","ING-036","1.0","serving"
"DRK-0478","ING-038","1.0","cup"
"DRK-0479","ING-006","1.0","serving"
"DRK-0479","ING-014","1.0","oz"
"DRK-0479","ING-023","1.0","pump"
"DRK-0479","ING-031","1.0","cup"
"DRK-0479","ING-036","1.0","serving"
"DRK-0479","ING-038","1.0","cup"
"DRK-0480","ING-005","1.0","serving"
"DRK-0480","ING-014","1.0","oz"
"DRK-0480","ING-031","1.0","cup"
"DRK-0480","ING-035","1.0","serving"
"DRK-0480","ING-038","1.0","cup"
"DRK-0481","ING-001","2.0","shot"
"DRK-0481","ING-009","1.0","oz"
"DRK-0481","ING-020","1.0","pump"
"DRK-0481","ING-031","1.0","cup"
"DRK-0481","ING-034","1.0","serving"
"DRK-0482","ING-002","1.0","serving"
"DRK-0482","ING-009","1.0","oz"
"DRK-0482","ING-020","1.0","pump"
"DRK-0482","ING-031","1.0","cup"
"DRK-0482","ING-035","1.0","serving"
"DRK-0482","ING-038","1.0","cup"
"DRK-0483","ING-001","2.0","shot"
"DRK-0483","ING-009","1.0","oz"
"DRK-0483","ING-020","1.0","pump"
"DRK-0483","ING-031","1.0","cup"
"DRK-0483","ING-034","1.0","serving"
"DRK-0484","ING-003","1.0","serving"
"DRK-0484","ING-009","1.0","oz"
"DRK-0484","ING-020","1.0","pump"
"DRK-0484","ING-031","1.0","cup"
"DRK-0484","ING-034","1.0","serving"
"DRK-0485","ING-004","1.0","serving"
"DRK-0485","ING-010","1.0","oz"
"DRK-0485","ING-020","1.0","pump"
"DRK-0485","ING-031","1.0","cup"
"DRK-0485","ING-034","1.0","serving"
"DRK-0486","ING-001","2.0","shot"
"DRK-0486","ING-010","1.0","oz"
"DRK-0486","ING-021","1.0","pump"
"DRK-0486","ING-031","1.0","cup"
"DRK-0486","ING-034","1.0","serving"
"DRK-0487","ING-001","2.0","shot"
"DRK-0487","ING-010","1.0","oz"
"DRK-0487","ING-021","1.0","pump"
"DRK-0487","ING-031","1.0","cup"
"DRK-0487","ING-034","1.0","serving"
"DRK-0488","ING-001","1.0","shot"
"DRK-0488","ING-010","1.0","oz"
"DRK-0488","ING-021","1.0","pump"
"DRK-0488","ING-031","1.0","cup"
"DRK-0488","ING-036","1.0","serving"
"DRK-0488","ING-038","1.0","cup"
"DRK-0489","ING-006","1.0","serving"
"DRK-0489","ING-010","1.0","oz"
"DRK-0489","ING-021","1.0","pump"
"DRK-0489","ING-031","1.0","cup"
"DRK-0489","ING-035","1.0","serving"
"DRK-0489","ING-038","1.0","cup"
"DRK-0490","ING-005","1.0","serving"
"DRK-0490","ING-010","1.0","oz"
"DRK-0490","ING-021","1.0","pump"
"DRK-0490","ING-031","1.0","cup"
"DRK-0490","ING-034","1.0","serving"
"DRK-0491","ING-001","2.0","shot"
"DRK-0491","ING-010","1.0","oz"
"DRK-0491","ING-022","1.0","pump"
"DRK-0491","ING-032","1.0","cup"
"DRK-0491","ING-035","1.0","serving"
"DRK-0491","ING-038","1.0","cup"
"DRK-0492","ING-002","1.0","serving"
"DRK-0492","ING-010","1.0","oz"
"DRK-0492","ING-022","1.0","pump"
"DRK-0492","ING-032","1.0","cup"
"DRK-0492","ING-035","1.0","serving"
"DRK-0492","ING-038","1.0","cup"
"DRK-0493","ING-001","2.0","shot"
"DRK-0493","ING-010","1.0","oz"
"DRK-0493","ING-022","1.0","pump"
"DRK-0493","ING-032","1.0","cup"
"DRK-0493","ING-035","1.0","serving"
"DRK-0493","ING-038","1.0","cup"
"DRK-0494","ING-003","1.0","serving"
"DRK-0494","ING-010","1.0","oz"
"DRK-0494","ING-022","1.0","pump"
"DRK-0494","ING-032","1.0","cup"
"DRK-0494","ING-035","1.0","serving"
"DRK-0494","ING-038","1.0","cup"
"DRK-0495","ING-004","1.0","serving"
"DRK-0495","ING-010","1.0","oz"
"DRK-0495","ING-022","1.0","pump"
"DRK-0495","ING-032","1.0","cup"
"DRK-0495","ING-035","1.0","serving"
"DRK-0495","ING-038","1.0","cup"
"DRK-0496","ING-001","2.0","shot"
"DRK-0496","ING-014","1.0","oz"
"DRK-0496","ING-023","1.0","pump"
"DRK-0496","ING-032","1.0","cup"
"DRK-0496","ING-035","1.0","serving"
"DRK-0496","ING-038","1.0","cup"
"DRK-0497","ING-001","2.0","shot"
"DRK-0497","ING-011","1.0","oz"
"DRK-0497","ING-023","1.0","pump"
"DRK-0497","ING-032","1.0","cup"
"DRK-0497","ING-035","1.0","serving"
"DRK-0497","ING-038","1.0","cup"
"DRK-0498","ING-001","1.0","shot"
"DRK-0498","ING-011","1.0","oz"
"DRK-0498","ING-023","1.0","pump"
"DRK-0498","ING-033","1.0","cup"
"DRK-0498","ING-036","1.0","serving"
"DRK-0498","ING-038","1.0","cup"
"DRK-0499","ING-006","1.0","serving"
"DRK-0499","ING-014","1.0","oz"
"DRK-0499","ING-023","1.0","pump"
"DRK-0499","ING-033","1.0","cup"
"DRK-0499","ING-035","1.0","serving"
"DRK-0499","ING-038","1.0","cup"
"DRK-0500","ING-005","1.0","serving"
"DRK-0500","ING-014","1.0","oz"
"DRK-0500","ING-023","1.0","pump"
"DRK-0500","ING-033","1.0","cup"
"DRK-0500","ING-035","1.0","serving"
"DRK-0500","ING-038","1.0","cup"
